"province_ID","household.CNT","HOUSEMEMBER_CNT","MOF_REG_CNT","MOF_VAL_CNT","ELDERLY_CNT","DISABLED_CNT","CHRONICPATIENT_CNT","happiness","indicator1.ALL","indicator2.ALL","indicator3.ALL","indicator4.ALL","indicator5.ALL","indicator6.ALL","indicator7.ALL","indicator8.ALL","indicator9.ALL","indicator10.ALL","indicator11.ALL","indicator12.ALL","indicator13.ALL","indicator14.ALL","indicator15.ALL","indicator16.ALL","indicator17.ALL","indicator18.ALL","indicator19.ALL","indicator20.ALL","indicator21.ALL","indicator22.ALL","indicator23.ALL","indicator24.ALL","indicator25.ALL","indicator26.ALL","indicator27.ALL","indicator28.ALL","indicator29.ALL","indicator30.ALL","indicator31.ALL","indicator1.CNT","indicator2.CNT","indicator3.CNT","indicator4.CNT","indicator5.CNT","indicator6.CNT","indicator7.CNT","indicator8.CNT","indicator9.CNT","indicator10.CNT","indicator11.CNT","indicator12.CNT","indicator13.CNT","indicator14.CNT","indicator15.CNT","indicator16.CNT","indicator17.CNT","indicator18.CNT","indicator19.CNT","indicator20.CNT","indicator21.CNT","indicator22.CNT","indicator23.CNT","indicator24.CNT","indicator25.CNT","indicator26.CNT","indicator27.CNT","indicator28.CNT","indicator29.CNT","indicator30.CNT","indicator31.CNT"
11,307334,543159,61073,49332,86673,1885,4165,8.10514619274145,2471,1837,96310,543158,543158,501338,528684,543157,543157,543157,543134,543133,543131,543126,28772,89160,2272,581,503142,500103,188124,543112,542479,543053,543064,543057,188851,7135,12175,543041,543024,0,182,3,10926,3348,5325,11780,1557,228,228,16780,7948,9446,1135,100,13172,36,7,287,7255,20864,1708,118608,28826,28963,1413,126,21,3,4106,5196
12,151103,311342,38719,31282,57339,1340,3947,8.28045770103837,1071,846,69530,311342,311342,296984,308773,311338,311338,311338,311314,311332,311332,311332,20548,66027,1032,879,289020,286920,129832,311266,311046,311306,311305,311298,130145,5113,11116,311305,311309,0,4,18,1643,2068,2883,5242,26,16,27,2422,602,804,78,13,4995,12,5,115,3396,15148,210,59503,11739,13963,1973,58,8,0,1985,841
13,204594,431595,59004,47718,69231,1953,5044,8.55427334134921,1613,1282,110808,431595,431595,408093,429761,431595,431595,431595,431593,431595,431595,431595,33352,104107,2094,553,405946,403254,165692,431595,431186,431579,431566,431559,166230,7485,15015,431548,431570,0,7,3,4444,5182,3233,2818,1362,182,143,8184,1171,5626,943,19,16940,27,0,392,3856,13227,2596,102476,26046,25001,1643,43,8,6,2118,2234
14,179896,496595,111816,90896,97597,5308,10811,8.19713612309334,4878,3659,176010,496591,496591,479894,492041,496588,496588,496588,496577,496588,496588,496594,56143,163437,4208,1443,467008,463086,256432,496550,495095,496558,496581,496577,257404,20270,32239,496573,496538,4,23,42,344,806,4186,2937,422,394,53,3957,5578,1034,132,12,11455,110,4,601,6014,23964,72,85933,99555,54641,2610,88,27,3,1767,1357
15,69858,198797,47362,38584,46497,3439,7086,8.12435225743651,1762,1362,69730,198797,198797,193039,196186,198797,198797,198797,198780,198797,198797,198797,21413,64771,1211,529,183784,181369,114814,198797,198567,198793,198793,198791,115519,12181,20067,198793,198793,0,10,0,888,334,4051,2630,206,5,0,3767,2010,1065,79,7,3025,12,0,401,3082,12973,3607,38460,26217,28635,1203,4,13,0,148,113
16,171698,460353,116323,95702,97669,5865,13084,8.0527030017822,6343,4945,167333,460020,460020,443147,455468,460085,460085,460085,460065,460078,460073,460073,51305,154557,4192,187,424719,420033,228999,457729,459107,459967,459961,459953,229875,20309,35667,459978,460111,22,379,324,5452,6121,67209,6653,778,122,157,12485,1527,3687,225,116,20709,257,6,3179,6584,21072,1000,80806,81259,82324,6711,247,102,59,4131,3126
17,50650,140705,38590,30635,37691,2161,4870,8.54120434353406,1803,1325,47819,140705,140705,137406,135215,140700,140700,140700,140692,140704,140705,140703,13951,44729,1307,657,127881,125931,85912,140683,140316,140697,140699,140698,86396,7370,12839,140692,140693,0,16,2,507,146,5561,974,11,0,0,481,186,74,18,0,3547,10,37,220,1272,5761,180,7980,14631,14760,990,2,3,2,125,131
18,89139,240264,69251,54168,58656,5181,10370,8.20211130930345,3604,2698,87197,240262,240262,231375,235518,240264,240264,240264,240252,240259,240259,240259,27188,78137,1597,308,218445,215054,131046,240264,239940,240224,240224,240224,131910,16170,26577,240230,240221,4,13,30,23,33,1557,660,280,1170,552,944,1451,336,13,11,1364,28,28,385,688,8866,1797,23835,39336,41899,221,41,14,3,163,94
19,138192,395389,72590,58454,72272,4820,7621,8.45307977306935,5294,4159,150292,395389,395389,381632,390730,395387,395387,395387,395360,395380,395380,395380,49843,137802,2306,1170,373962,371163,190501,395131,394872,395314,395330,395326,191428,18093,23080,395349,395344,12,162,20,1739,2237,8000,3928,520,331,141,7409,4882,7332,164,69,13935,50,21,997,5922,13844,901,66291,51053,43386,3737,122,41,30,1540,2492
20,312156,582279,69658,57093,91818,2867,5285,8.33681877010213,3485,2753,144290,582274,582274,519287,576926,582272,582272,582272,582259,582266,582265,582264,48407,132230,3676,310,543405,539352,215998,580074,581744,582234,582237,582191,216671,11362,16222,582213,582129,29,53,61,1133,2596,3614,5112,547,309,198,3375,2579,3764,384,51,18894,42,13,1124,4467,16577,710,87760,30592,28629,3351,100,11,3,5341,2027
21,152595,352916,42546,34975,57173,1585,3977,7.94421835577837,2885,2085,109555,352908,352908,331719,348287,352914,352914,352914,352905,352906,352906,352906,34772,100077,2441,487,332811,330497,138784,352908,352561,352885,352884,352879,139266,5828,11532,352892,352885,0,0,41,976,1195,8917,8699,156,196,581,3666,1449,3004,72,19,7101,6,8,420,3138,8909,75,46193,31174,27960,13812,34,19,14,2249,2774
22,101967,277122,38719,32891,58486,3298,7642,8.06880657467612,3924,2740,101255,277119,277119,268388,273702,277122,277122,277122,277090,277122,277122,277122,32167,91119,2068,239,256977,254686,141055,276499,275091,277111,277118,277118,141817,11742,21747,277118,277115,16,25,21,1434,3397,9621,4931,537,411,542,7327,1484,2928,169,78,11571,70,0,1973,2960,8281,1977,48095,54542,53108,3758,112,29,23,3154,2493
23,48310,123258,19412,16765,26122,910,1850,8.29670875595115,942,638,42748,123256,123256,118330,122230,123132,123130,123130,122622,122384,122204,122158,13244,40043,959,40,111936,111593,60504,123092,120312,122228,123063,123062,60673,3151,5147,122198,122763,0,4,9,123,183,597,1969,254,23,13,636,227,217,46,28,5315,18,0,383,1720,3479,85,12864,17005,17673,1292,70,34,7,1921,8182
24,149470,433584,72489,61428,80446,4977,9320,8.20497758747575,5218,3727,167610,433576,433576,417474,426739,433469,433469,433469,433351,433420,433419,433399,56188,153457,5598,589,409571,407323,215972,433094,432213,433422,433502,433496,217026,19544,29862,433511,433522,14,95,82,8447,2667,17790,1998,498,326,228,5697,4566,2721,146,76,10412,108,13,1331,5129,16566,1428,61601,46554,56446,2257,150,46,34,1948,3536
25,113469,329789,73027,56415,57661,3600,4708,8.25848469626065,2918,2226,132980,329520,329520,316179,326645,329524,329524,329524,329490,329504,329504,329503,44561,121072,2252,251,312048,309842,154872,327621,328973,329476,329472,329471,155695,13517,14795,329438,329463,18,152,103,2374,2140,4873,1309,624,178,310,8352,4766,1754,559,24,21196,38,0,933,3853,6509,135,39649,58053,53409,1621,188,43,60,1290,1707
26,57648,166807,32303,25943,36494,2711,4509,8.02598529003608,2229,1618,64661,166807,166807,162545,165729,166807,166807,166807,166799,166807,166807,166807,20762,60053,1230,522,153643,151836,90916,166772,166330,166795,166794,166793,91392,9543,12805,166799,166790,0,0,0,140,1050,2363,742,221,31,17,2693,704,286,66,23,3918,11,13,299,1295,6043,163,36636,21878,23196,933,31,4,3,3134,132
27,118571,332053,87329,75271,54835,3708,5736,8.02714829089744,2999,2202,140196,332052,332052,321104,325871,332052,332052,332052,332030,332051,332050,332050,45558,129304,3262,177,311279,308233,144473,332049,331563,331957,331971,331969,145226,13552,17363,331978,331977,13,62,13,926,1228,3187,1579,228,41,61,4640,475,2017,225,35,10707,111,0,1051,2926,6038,23,46544,52433,48294,1133,97,120,2,327,1688
30,640069,1714753,494977,395096,329560,25942,41660,8.18971860846253,26875,18589,670711,1714738,1714734,1633977,1682477,1714744,1714744,1714744,1714603,1714720,1714719,1714722,206346,609550,14028,1039,1588259,1568646,799829,1714615,1711987,1714577,1714544,1714543,803748,89428,127229,1713813,1714074,144,818,212,9200,12824,85274,20322,1207,260,348,29771,7976,10954,1142,286,103515,750,59,7039,22385,48616,3283,165732,335278,336019,8145,411,211,111,4534,9606
31,335733,1053745,324575,265119,192134,18423,15682,8.23409078047139,15167,10867,472201,1053742,1053742,1025917,1035600,1053711,1053711,1053711,1053636,1053689,1053683,1053675,151533,434961,10581,999,993548,981893,522686,1051444,1050626,1053542,1053557,1053544,526323,68160,52467,1053543,1053585,69,227,45,4771,11890,16833,3814,1395,1245,831,26035,4063,6930,915,135,80408,708,6,5983,11661,18856,5546,118160,231027,218686,6895,326,293,50,1595,8243
32,269337,882677,312817,254978,169469,18089,12823,8.40971719444413,17529,12083,419547,882675,882675,863518,876572,882677,882677,882677,882594,882674,882674,882674,137233,382052,12933,621,825183,813356,457007,881927,880764,882617,882619,882614,460122,64291,43399,882633,882626,44,160,47,2077,3705,8487,1503,1071,598,358,9429,2546,3110,176,88,14902,412,15,2958,5186,8076,6316,36514,207172,208391,2097,194,47,68,1387,3455
33,277358,960505,395796,324189,177230,15975,11179,8.32520064321202,21504,16182,462501,960505,960505,944880,950647,960505,960505,960505,960418,960505,960505,960505,151193,419802,12985,507,909137,896998,508364,958287,958341,960495,960495,960490,511058,62163,38828,960490,960491,27,401,61,11165,8421,11691,4713,1401,1339,1231,24575,3206,6288,607,65,66077,516,0,6749,9550,11959,5083,128582,244302,242185,3662,207,112,14,885,5707
34,374925,1162927,414855,330115,198186,17766,29681,8.5311275588451,26003,20384,521511,1162926,1162926,1127000,1154153,1162927,1162927,1162927,1162819,1162927,1162927,1162927,163549,473801,13495,608,1098946,1087992,534183,1162927,1160990,1162907,1162909,1162894,536315,65777,98688,1162896,1162886,34,174,62,6724,3159,12421,4756,476,295,342,8803,3216,5649,536,45,75460,344,0,1799,3970,7698,235,120457,221153,244430,1400,76,141,8,346,2827
35,133024,395801,125616,96551,74008,6782,7551,8.36942957661775,4899,3493,154483,395801,395801,385528,393190,395800,395800,395800,395777,395796,395792,395792,48326,139755,5061,195,372485,367741,197992,393264,395042,395785,395786,395781,198853,24062,24280,395786,395790,9,26,11,2327,743,1394,697,192,55,52,2345,186,1312,166,14,20144,164,6,477,1627,4111,670,21885,66382,64508,839,58,33,2,457,1723
36,260626,797777,282082,227215,155770,15857,17450,8.29769861794295,10753,7279,323743,797774,797774,779281,790452,797777,797777,797777,797712,797769,797769,797769,100368,292327,7558,364,750783,744153,417088,797760,796862,797675,797671,797666,419331,56701,58568,797673,797682,16,99,92,11651,6455,24087,2339,715,428,229,22032,3015,2972,465,89,40558,244,11,3186,5072,15765,2052,90905,171092,180437,2761,165,113,46,693,5296
37,85339,247152,88251,69792,45563,3926,4334,8.84453766742052,4262,3106,100915,247152,247152,240260,245499,247152,247152,247152,247147,247152,247152,247152,31033,91030,2927,81,230829,228129,119204,243734,245806,247151,247152,247150,119567,14195,14445,247147,247148,5,7,6,283,680,1547,343,99,24,19,2949,70,752,50,0,8084,54,0,484,1073,1670,529,21703,48806,38267,291,0,22,0,24,896
38,92636,291145,88334,73528,44069,3110,3533,8.09291204283432,4374,3306,138948,291145,291145,283318,286857,291145,291145,291145,291133,291145,291145,291145,44531,126351,3300,85,278791,276393,127752,291145,290433,291129,291129,291128,128294,11964,12099,291134,291126,8,56,24,6466,1636,35497,890,233,23,13,1201,1689,1774,138,23,26702,220,0,669,2891,6503,966,42052,78497,79063,1515,74,36,0,502,2662
39,102243,341246,109965,88388,57078,4400,3152,8.44703304871727,4328,3343,143893,341246,341246,335138,339632,341246,341246,341246,341236,341246,341246,341246,44775,131942,4090,384,328169,325652,171978,341091,340611,341245,341246,341245,172763,17942,12219,341243,341231,47,38,166,62,182,142,227,94,0,0,409,305,765,50,48,130,95,0,0,409,2286,564,16352,71328,70996,170,209,41,0,44,1043
40,353910,1140733,371506,288585,222956,13493,15888,8.39460314769292,15740,12075,463350,1140713,1140713,1121270,1123263,1140556,1140556,1140556,1140471,1140535,1140531,1140531,148867,418633,11567,766,1079346,1068897,622354,1139331,1138951,1138093,1140497,1140469,624999,53426,55974,1140483,1140494,43,315,266,8520,7891,37956,2742,1348,355,214,18316,5559,4968,1305,242,49581,264,0,2024,8873,17386,6076,55051,260476,262508,3096,528,124,106,1215,11607
41,328096,1019283,319062,250756,169456,11757,24269,8.46830500829026,16395,11667,435708,1019262,1019262,994302,1001370,1019261,1019261,1019261,1019236,1019241,1019241,1019238,137001,395435,12387,497,970685,959960,481472,1018299,1017896,1019131,1019146,1019131,483464,45606,83681,1019159,1019159,49,112,97,7541,6674,31019,3624,548,112,235,8737,2841,7325,405,107,67336,438,37,2353,11057,14558,5089,106937,166402,196743,2368,175,65,20,471,2833
42,155536,445039,184938,144336,82901,5369,6202,8.37204248534101,5617,4103,170431,445033,445033,430076,434268,445037,445037,445037,444772,445037,445037,445035,52307,153857,4472,200,420299,416994,217169,445039,443798,444991,444985,444977,218013,20045,21513,444981,444975,205,161,3114,4404,2120,4114,1349,5597,752,668,5183,1295,1970,267,1684,27773,1868,4,3353,2265,5049,2880,40888,64995,57070,1429,7210,1061,818,328,4020
43,103419,308137,85527,66676,54424,3118,5280,8.35415155822431,4217,3088,127347,308132,308132,301857,305473,308137,308137,308137,308119,308137,308137,308137,40286,115795,2389,427,290221,286777,146738,308089,307687,308096,308091,308088,147267,11921,17422,307084,307539,28,62,53,2510,2902,2606,564,270,173,191,4340,404,1465,239,24,6946,145,0,840,3153,3767,1202,49350,55970,55771,690,82,41,13,222,2093
44,213944,718673,246835,186266,131598,9568,12476,8.47316587518229,16267,12783,309083,718660,718660,705972,711743,718673,718673,718673,718639,718665,718665,718665,96467,276880,9085,470,686355,678469,386665,718427,716543,718606,718606,718604,388142,37749,45036,718614,718609,29,122,20,6505,1507,9419,1251,669,52,55,5377,1275,765,123,17,16109,180,7,861,3717,4938,4984,19851,202221,151573,784,108,65,16,2080,3407
45,291321,909538,355710,266256,175873,15679,15603,8.60539748250212,14016,9905,365499,909536,909536,891543,902877,909536,909536,909536,909501,909534,909527,909527,117449,326925,10384,691,857654,847465,488175,908494,908243,909477,909487,909485,490416,58659,52624,909504,909492,29,97,31,3676,1064,6074,1192,429,47,76,3954,6942,1173,169,33,24387,183,5,872,4263,6496,3028,23421,208049,175059,1578,73,67,8,795,2851
46,211650,709339,278816,212211,122313,11134,11929,8.35530829199149,11096,7801,307587,709339,709339,698014,702175,709334,709334,709334,709292,709335,709331,709335,97796,276907,9686,472,677940,671827,358794,708564,705921,708038,707951,707950,360414,42374,42092,707862,707974,15,70,29,1800,1312,3274,963,199,207,516,3720,2995,760,170,9,31753,206,0,1267,3012,3977,2896,40690,149755,165831,1450,890,130,118,376,823
47,249135,743670,262032,210881,123648,9338,10877,8.54694041383186,9569,7529,319229,743669,743669,724372,738005,743669,743669,743669,743635,743669,743669,743669,99214,293899,10434,265,702069,694715,329831,743231,742778,743628,743629,743626,331163,33502,35163,743622,743630,25,58,67,11161,3690,7114,1391,260,123,157,9881,1913,1808,217,56,32920,155,0,1469,2421,3953,919,30436,148934,162929,1244,94,59,14,64,1387
48,166831,505227,192495,142470,83065,6556,7677,8.37479245463973,9240,6188,230313,505223,505223,488745,502578,505227,505227,505227,505209,505227,505227,505227,71331,211546,6317,439,478114,472722,224516,503981,504447,505227,505227,505219,225786,24100,25750,505227,505227,7,43,4,7578,692,5106,175,342,127,199,6374,157,941,92,4,14902,113,4,831,1077,1638,1642,11487,150527,147873,423,17,38,0,31,523
49,87768,243390,92320,72141,39365,2996,2188,8.5296691277003,4573,3052,101251,243389,243389,232915,239588,243390,243390,243390,243383,243390,243390,243390,31498,90957,2892,179,229745,227347,102424,243368,243109,243384,243378,243374,102824,10639,7271,243388,243387,0,6,0,2283,0,0,137,76,994,994,2944,138,113,49,7,1248,22,0,468,436,532,754,16905,55223,40930,15,3,0,6,0,0
50,378466,975845,332499,268579,220363,11898,24050,8.31087865224353,12252,9242,293807,975830,975830,926458,963564,975845,975845,975845,975515,975831,975822,975831,92323,264390,5805,830,892938,884737,481025,975845,973244,975766,975774,975727,482863,37540,60460,975762,975764,80,96,67,33008,24573,17756,10537,3477,3455,6616,51329,6513,20228,679,123,19036,200,24,42297,18744,51556,837,176038,199327,132677,9933,431,145,62,2968,7293
51,115558,312265,105365,83928,75610,7730,13010,8.33103722805864,4919,3704,94609,312265,312265,303597,308844,312263,312263,312263,312233,312263,312263,312263,27909,81748,2368,509,286022,283480,165634,312265,311440,312185,312181,312181,166490,22817,34209,312185,312148,0,15,44,5072,3362,4797,846,410,182,117,7717,657,2249,31,36,2748,0,3,9636,1817,6812,335,22429,61724,42057,133,40,25,9,92,283
52,201010,518240,228192,173368,132161,11634,25219,8.50087060345257,6211,4374,151113,518240,518240,504727,514993,518240,518240,518240,518213,518240,518240,518240,42886,135379,2944,1050,463230,456840,283974,517278,517719,518233,518231,518228,285186,34333,63893,518230,518228,0,7,5,4410,2701,14286,4254,316,614,718,7329,2232,3678,104,11,2907,11,18,3637,8548,33989,1840,39233,111731,74815,3091,20,34,7,758,1414
53,116634,297770,123122,91150,74123,7036,12065,8.44944870277964,4503,3171,99335,297754,297754,288110,295090,297769,297769,297769,297758,297769,297769,297769,28699,91725,2192,338,264984,259578,157837,297734,296703,297724,297732,297731,158796,21158,29688,297730,297705,42,37,23,529,913,9993,2940,254,649,823,3000,428,498,55,3,13463,62,3,1500,3870,18408,281,24690,70829,52360,1336,50,65,6,310,573
54,118050,310457,132877,104805,84065,9126,13995,8.0485472257518,6002,4427,93220,310457,310457,304503,305864,310454,310454,310454,310437,310449,310449,310449,26346,84249,2439,634,277776,274109,174888,310457,309829,310388,310394,310388,175943,26849,35383,310387,310336,0,40,159,1130,1754,6106,825,179,358,376,1160,688,738,91,42,749,21,1,954,2792,12525,558,11366,81800,51165,930,120,45,35,151,181
55,112540,339357,177850,146445,76354,9267,9485,8.1410165274569,7642,5858,130992,339340,339340,332142,328981,339357,339357,339357,339232,339355,339355,339355,40379,117001,3968,438,311899,308388,175872,339313,338639,339307,339314,339311,176951,29117,25877,339325,339313,16,23,65,24136,5719,20050,5737,1199,18201,12214,18225,3385,4362,179,49,7551,77,22,18244,8719,24253,3063,54512,133329,67758,4931,143,64,10,108,1188
56,115620,308960,144361,114980,77365,7131,10788,8.21899325376232,5085,3793,99738,308913,308913,303296,306440,308941,308941,308941,308928,308930,308930,308930,31031,88055,2362,673,276478,272623,163730,308840,308498,308879,308887,308886,164536,20518,26504,308903,308882,9,9,5,2782,1283,2513,801,10,0,2,1152,144,623,85,4,147,4,9,2651,4290,8729,1887,8524,56874,40834,1849,41,69,17,5,56
57,280284,776903,322529,261243,166044,11847,22862,8.42485479014143,11561,8033,269425,776433,776433,749821,765871,776450,776450,776450,776319,776441,776440,776440,87982,237760,5342,312,713469,705358,383389,768771,774090,776377,776382,776353,385214,37367,58654,776810,776807,25,94,248,9646,10528,47315,8458,6667,2288,2092,18219,5473,11298,1163,220,41341,196,15,34516,15606,30271,1776,145217,193126,117139,6124,478,185,18,1444,6438
58,60494,166152,70870,63634,24155,1725,1637,7.93110060501868,3131,2168,72898,166152,166152,148105,163948,166152,166152,166152,165931,166152,166152,166152,24175,66347,1662,242,155534,154106,55259,165907,165949,166152,166152,166131,55531,5531,4060,166152,166152,8,22,6,1961,5943,7502,3533,3347,1384,5103,16153,1210,6886,232,13,10320,114,6,24393,4993,5639,3200,46241,31808,35243,557,37,45,0,36,1010
60,252074,690037,197035,160340,150400,9317,21227,8.00693843871244,10012,7298,260271,690037,690037,661209,684319,690035,690035,690035,689989,690034,690034,690030,80246,237745,5470,449,632431,624836,344837,688669,688559,689967,689984,689978,346498,31308,55775,689996,690001,23,116,23,3660,5415,12722,5903,1521,509,469,12807,4746,5897,365,86,31996,221,21,4153,7865,21960,4850,126892,102121,103651,7284,216,217,16,4133,4142
61,81450,210224,61970,52079,50366,2965,6280,8.41032535297729,4364,3475,78014,210196,210196,200695,205423,210216,210216,210216,210202,210216,210212,210212,23886,71740,966,109,189041,186280,104299,210224,208855,210154,210172,210167,104719,9321,15798,210173,210153,0,36,74,594,1530,4109,2079,816,160,169,2684,931,1077,160,0,4954,76,0,1877,2563,6027,2521,29538,34289,34438,1019,56,13,15,1256,3093
62,153969,450073,138518,117551,86746,8563,15111,7.98606862420357,6665,4932,196340,450068,450068,433003,445012,450071,450071,450071,450047,450068,450068,450067,62081,178384,4324,572,416025,410377,209743,450070,449571,450021,450018,450012,210889,27706,41423,450016,449978,14,81,196,4644,8948,58598,2463,341,1975,2611,13813,6763,9000,181,322,14472,164,0,3689,4932,14195,1870,39212,128636,123932,3320,300,59,9,515,1336
63,121271,332868,100895,84347,55138,4318,6839,8.00712453925506,8108,6181,141584,332868,332868,304643,329970,332785,332785,332785,332669,332740,332731,332725,48206,129021,2378,140,310593,306766,129223,327930,330541,332704,332704,332691,129910,13484,17137,332469,332522,51,111,55,9290,13074,36342,3592,6402,5296,4027,24039,2947,10934,488,171,28763,148,0,23758,8543,12980,3115,110946,72715,67485,4346,233,91,56,2023,4176
64,135978,377680,140188,107184,89304,9242,22271,8.14013296268514,6822,4819,147960,377680,377680,367927,373987,377680,377680,377680,377661,377680,377680,377680,43928,133707,2452,426,339645,334117,193285,377408,375967,377676,377676,377676,194570,27707,54934,377676,377675,66,194,23,15434,8000,19281,2590,580,616,1065,16278,4240,4404,232,70,9382,217,7,2858,5126,18023,2683,25372,98391,82059,5789,124,45,10,1177,4625
65,184625,508913,167002,128847,109884,9731,30179,8.13297224102911,9975,7322,200225,508897,508897,491481,499194,508895,508895,508895,508869,508893,508893,508893,61698,179813,4694,1332,464963,458857,246886,496954,507977,508856,508884,508878,248436,30520,76966,508847,508841,29,438,30,8064,9159,91437,8386,8857,1020,1008,27419,6501,7360,429,154,14669,309,29,5152,11871,28144,5990,66489,121160,109943,11306,186,162,27,6287,9086
66,125444,331701,105747,84018,82274,7574,16256,8.02389911036,7656,5825,126657,331693,331693,319679,327071,331696,331696,331696,331671,331696,331696,331696,39286,115501,3480,475,295796,290286,171968,331701,330826,331617,331641,331640,173070,23573,40802,331638,331563,27,176,21,1603,4256,20108,3866,607,94,55,16639,1246,4148,181,36,2159,133,0,3195,6025,19969,2098,35697,71108,72046,3127,82,57,17,2402,1522
67,238860,727508,236048,193570,133340,9449,16208,8.27961986100645,8266,5673,303918,727505,727505,703382,715059,727508,727508,727508,727475,727500,727491,727490,97365,277138,5513,790,687546,681098,361567,726543,726559,727408,727402,727398,363117,35586,51920,727413,727415,33,48,54,2621,4121,18744,8814,15592,622,772,12654,3181,2363,231,70,7814,202,0,4415,4355,17411,2132,40462,135342,141871,3675,149,51,35,1704,3080
70,168196,501102,96019,77867,105622,5277,10837,8.17349401888273,4868,3634,181484,501102,501102,487785,495758,501102,501102,501102,501075,501102,501102,501100,57547,168980,3580,611,471405,467771,275754,501089,499664,501096,501099,501098,277157,20549,33729,501090,501088,6,13,22,766,889,6621,2627,95,4,8,4615,1597,3590,51,106,9818,22,12,1850,5979,21475,144,71337,59400,60385,2559,75,17,17,2115,1937
71,160569,483390,99495,85312,82353,4551,13312,7.76831767028505,7920,6339,209068,483381,483381,462058,474557,483381,483381,483381,483340,483378,483381,483386,69161,190209,4067,383,459440,455968,226554,483379,482689,483267,483301,483245,227669,17756,41914,483295,483299,18,90,18,3667,7497,31578,3327,847,489,692,13253,5557,5693,461,2,13141,127,0,5639,6424,16960,674,80275,86513,100031,3223,49,118,21,896,1628
72,210028,600127,130456,105284,129318,5933,17981,8.1141133563144,4539,3190,220917,600127,600127,579438,597354,600125,600125,600125,600099,600119,600119,600119,69381,204285,5738,362,558356,552792,327967,598695,599590,600037,600023,600017,329301,21724,51718,599989,599982,10,5,22,1962,4317,6667,4038,468,240,174,10698,7699,3840,204,61,28486,141,0,1430,3604,19807,681,25115,87910,85461,3556,120,25,21,2430,1386
73,160339,492449,70087,58176,92616,3544,7603,8.39265556103007,3892,3124,180355,492449,492449,479839,489733,492446,492446,492446,492423,492439,492436,492434,60214,167765,4035,1263,470313,467486,267846,492065,491991,492390,492382,492373,268752,15226,25607,492391,492397,16,79,5,2308,2804,9724,2137,485,23,38,5475,3295,3202,249,26,417,97,16,807,2515,11943,73,25023,38547,40552,1687,85,43,4,1290,975
74,123450,317279,46423,38493,53408,1764,5295,8.28984204131227,1029,797,96236,317279,317279,299655,314071,317279,317279,317279,317279,317279,317279,317279,31675,87900,2280,154,302107,300410,142093,317279,316994,317262,317262,317262,142467,7508,15526,317257,317260,3,29,7,5760,678,12942,5315,0,0,0,2544,220,5142,119,0,11840,0,0,28,4990,13844,0,46234,25019,26212,1983,1,3,0,8204,330
75,43535,125464,23712,19333,31376,1393,2589,8.12231537843115,920,632,41809,125464,125464,122610,124464,125464,125464,125464,125458,125464,125464,125464,12773,39919,869,194,114879,113703,75634,125464,125282,125460,125457,125454,75924,5321,7638,125455,125456,0,0,0,371,168,919,241,28,0,0,512,78,716,36,0,2414,0,0,263,404,1651,245,28318,8788,13087,113,10,7,0,475,229
76,101465,303940,61547,47663,62639,2952,7264,8.31494604050658,2788,2011,115322,303940,303940,296080,301793,303940,303940,303940,303921,303940,303940,303940,36870,104598,3600,729,286043,283728,165219,303935,302510,303937,303937,303936,165790,11400,22019,303937,303935,13,41,31,2460,3768,63588,1311,483,54,87,4805,5974,2180,70,41,754,0,0,606,3749,21159,195,4767,58024,64985,1053,31,21,5,1428,994
77,121161,278797,44907,36239,53168,2142,4457,8.08184977014056,3650,2725,91433,278796,278796,263432,275819,278797,278797,278797,278791,278792,278792,278792,28513,83839,2160,488,255798,253934,119767,278778,278366,278784,278787,278783,120194,7499,11941,278789,278786,6,35,11,851,1008,4185,3096,536,236,490,4967,1101,2206,93,52,3194,59,0,1132,2068,6034,456,64617,22950,31658,2448,44,45,14,1417,1146
80,321562,906950,155956,122106,181952,12247,22806,8.09820812160641,9896,6496,358435,906827,906827,866998,893215,906849,906845,906845,906680,906840,906840,906837,118966,323811,9627,1089,833658,824294,413681,906660,904721,906733,906854,906843,416093,40741,62120,906740,906737,19,231,272,8488,9268,117787,18261,4517,2491,2584,59163,9742,13010,1107,352,46322,419,19,4529,22255,40644,11698,270199,145972,277831,22230,335,188,61,8359,14507
81,95095,297892,36082,30446,38435,2043,3960,8.06569220253431,4061,2899,147012,297887,297887,277626,295084,297892,297892,297892,297835,297892,297892,297892,51040,132919,2572,283,285740,284045,103715,297892,296350,297882,297882,297882,104208,7856,12356,297879,297871,25,467,44,5202,4840,77395,6303,897,2258,6403,26158,2728,8779,253,120,19466,118,0,1312,5217,10246,1168,101623,30772,98632,6831,55,46,17,6207,2232
82,56479,154026,31933,26246,29927,1835,4908,8.35595531082349,2601,1997,62207,154012,154012,146978,151334,154025,154025,154025,154016,154025,154023,154023,20526,56453,968,318,141604,140331,68182,154026,153847,154005,154004,154004,68545,6253,13130,153998,153993,0,29,38,393,1243,31762,1059,691,1,1,6342,1433,1440,84,19,72,11,0,181,5275,6175,266,52527,14899,40982,1491,14,36,4,462,320
83,92350,189444,18030,14807,26565,405,242,8.33349214943151,803,517,47666,189436,189436,172158,176276,189418,189418,189418,189367,189289,189203,189129,15161,43410,883,62,178078,177148,58854,189444,189197,189365,189362,189362,59021,1290,755,189368,189368,4,4,1717,448,907,3312,1002,153,55,69,2239,376,408,171,54,7447,4,0,289,1922,2999,17,34348,6743,14048,377,70,10,3,1964,843
84,205120,558163,63238,53306,94366,3988,8610,8.11282176287052,8496,6603,224111,558160,558160,524995,552397,558159,558159,558159,558068,558161,558161,558159,74012,199744,5545,537,523504,519798,218458,557946,557128,558095,558091,558083,219380,14397,24238,558085,558082,15,183,65,15555,11575,106003,10797,2224,5930,6422,45379,5683,19078,980,267,29843,306,17,2282,7463,13969,4120,165826,91490,160372,15439,246,91,36,10604,5610
85,47213,116086,18525,15825,18776,660,1841,7.9036282379853,1465,1013,42910,116080,116080,106797,113851,116086,116086,116086,116077,116085,116084,116084,14154,38726,1634,72,107831,106684,41658,114433,115959,116071,116077,116077,41717,2285,4703,116074,116076,5,449,2,425,1233,31610,2260,188,838,635,8313,452,3145,66,11,3875,28,0,648,1950,2765,117,25847,16265,34831,2560,56,42,13,2552,283
86,102275,279409,35968,28473,54686,3012,5923,8.18052309948668,3342,2187,104943,279409,279409,269086,277050,279409,279409,279409,279396,279409,279409,279409,33506,93788,2874,220,257593,255129,125225,279317,278982,279409,279409,279409,125890,10193,16264,279394,279398,7,150,4,7527,4277,50387,1798,1760,585,796,11317,3456,3865,249,83,12349,87,4,1250,4472,3441,197,55367,43221,70194,5805,139,16,18,1312,2072
90,274973,754786,173355,132026,134440,6177,7531,8.32121699221378,15129,10370,284924,754775,754775,712382,741080,754783,754783,754783,754686,754779,754779,754779,94833,258784,11220,1619,706173,700197,318290,752773,753329,754730,754730,754726,319827,22326,21958,754710,754705,92,3200,102,5549,4962,108883,10823,480,224,458,19376,6449,9784,602,83,8025,101,61,1738,10786,24395,2165,105402,85126,162033,6951,69,113,21,1874,3836
91,71308,227297,65068,52960,30806,2164,3207,8.21450608627363,3847,2702,115287,227297,227297,211261,225168,227297,227297,227297,227290,227293,227293,227293,41584,105686,4939,177,217945,216588,82441,227135,226716,227273,227273,227273,82949,8148,9897,227261,227244,5,72,58,5083,2501,46960,2372,5580,795,865,7101,216,2185,89,57,22706,116,0,956,5799,10344,118,43636,15040,96628,630,30,62,19,777,215
92,134721,384197,83007,68009,68568,4896,8791,8.40782060703231,5986,3936,156324,384197,384197,366082,379502,384197,384197,384197,384156,384197,384194,384191,51398,140796,3230,673,358668,355915,163064,384083,383803,384142,384142,384142,164063,17486,25647,384140,384142,35,82,129,4522,7097,9628,4889,2548,1789,1539,21721,5143,7863,2132,22,24080,93,18,1324,6029,12655,817,120854,65389,105234,6944,64,37,2,1984,2432
93,132844,370181,94630,74222,75913,4444,7588,8.10153262473277,5166,3789,144196,370177,370177,352801,367002,370181,370181,370181,370162,370181,370181,370177,48552,128603,4449,203,336951,333796,162819,370181,369604,370146,370146,370146,163636,14484,20427,370152,370148,4,205,29,872,2908,25418,2939,477,1159,1359,10971,1980,7323,618,33,25555,181,0,1481,6434,10411,82,53963,74641,108923,6676,48,65,31,1927,3745
94,127347,451249,97792,81906,59955,4789,4907,8.27531861763528,14924,10708,253477,451246,451246,423726,442633,451249,451249,451249,451144,451241,451245,451245,102803,235463,11610,690,434474,430761,186807,451249,450066,451238,451237,451229,187743,21317,18049,451216,451213,102,513,1993,2385,6264,36148,6993,1754,325,397,14356,2111,7613,379,247,42612,301,37,14287,12431,16024,9862,106790,7902,185888,1855,77,59,12,2205,3824
95,99736,315539,76859,61586,40019,3204,4545,8.20115103874228,7547,5331,164176,315537,315537,290066,309596,315539,315539,315539,315485,315536,315536,315534,64984,153560,7481,593,302804,300119,112193,315529,314703,315524,315515,315515,112864,13116,13805,315517,315513,55,70,886,6165,7409,23288,5613,1122,803,1041,34039,3178,11614,293,672,6823,233,83,13248,11071,16842,2178,80781,13481,119390,7707,67,63,4,5078,1779
96,144223,498333,143842,120955,61944,4908,5715,8.1319207061287,10902,7558,266737,498333,498333,465240,493082,498327,498327,498327,498307,498326,498326,498327,101808,251680,9430,1046,482105,479092,187849,498000,494875,498277,498285,498277,188749,21032,17493,498267,498263,72,760,1437,1288,4394,21288,5278,1681,48,71,26862,201,3971,209,429,15178,291,0,16626,7513,8171,2131,76030,13412,193523,589,57,101,4,1531,2137
