province_ID,poor.household.CNT,poor.JPT.CNT,poor.JPT.MOFreg.CNT,poor.JPT.MOFval.CNT,poor.JPT.MOFval.health,poor.JPT.MOFval.living,poor.JPT.MOFval.education,poor.JPT.MOFval.income,poor.JPT.MOFval.accessibility,JPT.MOFval.pov.rate,poor.JPT.MOFval.ind1.CNT,poor.JPT.MOFval.ind2.CNT,poor.JPT.MOFval.ind3.CNT,poor.JPT.MOFval.ind4.CNT,poor.JPT.MOFval.ind5.CNT,poor.JPT.MOFval.ind6.CNT,poor.JPT.MOFval.ind7.CNT,poor.JPT.MOFval.ind8.CNT,poor.JPT.MOFval.ind9.CNT,poor.JPT.MOFval.ind10.CNT,poor.JPT.MOFval.ind11.CNT,poor.JPT.MOFval.ind12.CNT,poor.JPT.MOFval.ind13.CNT,poor.JPT.MOFval.ind14.CNT,poor.JPT.MOFval.ind15.CNT,poor.JPT.MOFval.ind16.CNT,poor.JPT.MOFval.ind17.CNT,poor.JPT.MOFval.ind18.CNT,poor.JPT.MOFval.ind19.CNT,poor.JPT.MOFval.ind20.CNT,poor.JPT.MOFval.ind21.CNT,poor.JPT.MOFval.ind22.CNT,poor.JPT.MOFval.ind23.CNT,poor.JPT.MOFval.ind24.CNT,poor.JPT.MOFval.ind25.CNT,poor.JPT.MOFval.ind26.CNT,poor.JPT.MOFval.ind27.CNT,poor.JPT.MOFval.ind28.CNT,poor.JPT.MOFval.ind29.CNT,poor.JPT.MOFval.ind30.CNT,poor.JPT.MOFval.ind31.CNT,household.CNT,HOUSEMEMBER_CNT,MOF_REG_CNT,MOF_VAL_CNT,ELDERLY_CNT,DISABLED_CNT,CHRONICPATIENT_CNT,happiness,indicator1.ALL,indicator2.ALL,indicator3.ALL,indicator4.ALL,indicator5.ALL,indicator6.ALL,indicator7.ALL,indicator8.ALL,indicator9.ALL,indicator10.ALL,indicator11.ALL,indicator12.ALL,indicator13.ALL,indicator14.ALL,indicator15.ALL,indicator16.ALL,indicator17.ALL,indicator18.ALL,indicator19.ALL,indicator20.ALL,indicator21.ALL,indicator22.ALL,indicator23.ALL,indicator24.ALL,indicator25.ALL,indicator26.ALL,indicator27.ALL,indicator28.ALL,indicator29.ALL,indicator30.ALL,indicator31.ALL,indicator1.CNT,indicator2.CNT,indicator3.CNT,indicator4.CNT,indicator5.CNT,indicator6.CNT,indicator7.CNT,indicator8.CNT,indicator9.CNT,indicator10.CNT,indicator11.CNT,indicator12.CNT,indicator13.CNT,indicator14.CNT,indicator15.CNT,indicator16.CNT,indicator17.CNT,indicator18.CNT,indicator19.CNT,indicator20.CNT,indicator21.CNT,indicator22.CNT,indicator23.CNT,indicator24.CNT,indicator25.CNT,indicator26.CNT,indicator27.CNT,indicator28.CNT,indicator29.CNT,indicator30.CNT,indicator31.CNT,province_id,id,province_name,province_name_eng,geo_id,x,y,enName,enAbbr,thName,thAbbr,poor.JPT.CNT.rate,poor.JPT.MOFval.living.rate,poor.JPT.MOFval.education.rate,poor.JPT.MOFval.income.rate,poor.JPT.MOFval.health.rate,poor.JPT.MOFval.accessibility.rate
11,28783,67271,9021,7436,2385,1832,1071,3947,27,1.3690282219387,0,8,0,1003,526,496,1130,228,31,16,1776,524,631,114,14,995,7,0,62,797,3235,255,2711,897,969,89,17,10,1,268,380,307334,543159,61073,49332,86673,1885,4165,8.10514619274145,2471,1837,96310,543158,543158,501338,528684,543157,543157,543157,543134,543133,543131,543126,28772,89160,2272,581,503142,500103,188124,543112,542479,543053,543064,543057,188851,7135,12175,543041,543024,0,182,3,10926,3348,5325,11780,1557,228,228,16780,7948,9446,1135,100,13172,36,7,287,7255,20864,1708,118608,28826,28963,1413,126,21,3,4106,5196,2,11,สมุทรปราการ,SamutPrakan,2,4,10,SamutPrakan,SPK,สมุทรปราการ,สป,0.013690282219386956,0.003372861353673602,0.001971798313201107,0.007266748778902678,0.0043909794369604484,0.00004970920117313715
12,8736,28733,4454,3674,874,273,464,2548,8,1.18005280366928,0,0,0,137,201,255,711,2,0,3,271,39,63,5,1,436,3,0,27,464,2222,44,1377,390,522,114,8,3,0,129,48,151103,311342,38719,31282,57339,1340,3947,8.28045770103837,1071,846,69530,311342,311342,296984,308773,311338,311338,311338,311314,311332,311332,311332,20548,66027,1032,879,289020,286920,129832,311266,311046,311306,311305,311298,130145,5113,11116,311305,311309,0,4,18,1643,2068,2883,5242,26,16,27,2422,602,804,78,13,4995,12,5,115,3396,15148,210,59503,11739,13963,1973,58,8,0,1985,841,3,12,นนทบุรี,Nonthaburi,2,2,8,Nonthaburi,NBI,นนทบุรี,นบ,0.011800528036692768,0.000876849252590399,0.0014903225392012642,0.00818392635751039,0.002807202369098933,0.000025695216193125245
13,14511,45735,7292,5972,1283,1111,1660,3057,9,1.3837046304985,0,0,0,604,672,268,377,175,19,22,1049,77,446,91,4,1585,3,0,73,675,2280,568,2493,951,947,114,8,1,1,76,197,204594,431595,59004,47718,69231,1953,5044,8.55427334134921,1613,1282,110808,431595,431595,408093,429761,431595,431595,431595,431593,431595,431595,431595,33352,104107,2094,553,405946,403254,165692,431595,431186,431579,431566,431559,166230,7485,15015,431548,431570,0,7,3,4444,5182,3233,2818,1362,182,143,8184,1171,5626,943,19,16940,27,0,392,3856,13227,2596,102476,26046,25001,1643,43,8,6,2118,2234,4,13,ปทุมธานี,PathumThani,2,3,8,PathumThani,PTE,ปทุมธานี,ปท,0.013837046304984998,0.002574172546021154,0.003846198403595964,0.007083029228790881,0.0029726943083214588,0.000020852882911062454
14,12680,45720,11353,9365,708,966,1835,6544,30,1.88584258802445,1,0,4,47,160,284,526,99,65,10,825,350,90,6,0,1658,19,0,164,1422,5668,28,2761,2761,1828,248,26,4,0,108,47,179896,496595,111816,90896,97597,5308,10811,8.19713612309334,4878,3659,176010,496591,496591,479894,492041,496588,496588,496588,496577,496588,496588,496594,56143,163437,4208,1443,467008,463086,256432,496550,495095,496558,496581,496577,257404,20270,32239,496573,496538,4,23,42,344,806,4186,2937,422,394,53,3957,5578,1034,132,12,11455,110,4,601,6014,23964,72,85933,99555,54641,2610,88,27,3,1767,1357,5,14,พระนครศรีอยุธยา,PhraNakhonSiAyutthaya,2,3,7,PhraNakhonSiAyutthaya,AYA,พระนครศรีอยุธยา,อย,0.018858425880244466,0.0019452471329755635,0.0036951640672983014,0.01317774041220713,0.0014257090788268106,0.00006041140164520384
15,8284,26717,7054,5850,805,886,590,4138,4,2.9427003425605,0,1,0,211,64,350,581,63,2,0,850,46,140,6,0,470,3,0,117,750,2716,1063,1949,1174,1344,108,0,4,0,14,14,69858,198797,47362,38584,46497,3439,7086,8.12435225743651,1762,1362,69730,198797,198797,193039,196186,198797,198797,198797,198780,198797,198797,198797,21413,64771,1211,529,183784,181369,114814,198797,198567,198793,198793,198791,115519,12181,20067,198793,198793,0,10,0,888,334,4051,2630,206,5,0,3767,2010,1065,79,7,3025,12,0,401,3082,12973,3607,38460,26217,28635,1203,4,13,0,148,113,6,15,อ่างทอง,AngThong,2,2,7,AngThong,ATG,อ่างทอง,อท,0.029427003425605013,0.004456807698305306,0.002967851627539651,0.020815203448744195,0.004049356881643083,0.000020121027983319667
16,20147,68218,18004,15236,4009,2843,4372,6742,100,3.30963412859262,4,32,15,1440,1336,4908,1867,212,25,41,2657,194,762,17,19,3480,67,1,844,1613,5388,242,4022,4064,4510,722,89,22,20,263,465,171698,460353,116323,95702,97669,5865,13084,8.0527030017822,6343,4945,167333,460020,460020,443147,455468,460085,460085,460085,460065,460078,460073,460073,51305,154557,4192,187,424719,420033,228999,457729,459107,459967,459961,459953,229875,20309,35667,459978,460111,22,379,324,5452,6121,67209,6653,778,122,157,12485,1527,3687,225,116,20709,257,6,3179,6584,21072,1000,80806,81259,82324,6711,247,102,59,4131,3126,7,16,ลพบุรี,LopBuri,2,3,6,LopBuri,LRI,ลพบุรี,ลบ,0.033096341285926235,0.0061756956075012005,0.00949705986492974,0.01464528307624801,0.00870853453762656,0.00021722460807250087
17,3481,11693,3410,2714,387,118,721,1700,1,1.92885824952916,0,0,0,142,30,266,227,4,0,0,116,7,10,1,0,656,4,0,61,314,1481,68,387,506,553,77,0,1,0,6,6,50650,140705,38590,30635,37691,2161,4870,8.54120434353406,1803,1325,47819,140705,140705,137406,135215,140700,140700,140700,140692,140704,140705,140703,13951,44729,1307,657,127881,125931,85912,140683,140316,140697,140699,140698,86396,7370,12839,140692,140693,0,16,2,507,146,5561,974,11,0,0,481,186,74,18,0,3547,10,37,220,1272,5761,180,7980,14631,14760,990,2,3,2,125,131,8,17,สิงห์บุรี,SingBuri,2,2,6,SingBuri,SBR,สิงห์บุรี,สห,0.019288582495291567,0.000838634021534416,0.005124196012934863,0.012082015564478875,0.00275043530791372,0.00000710706797910522
18,5179,15613,4999,3932,133,591,397,2983,16,1.63653314687177,1,2,1,5,6,64,124,102,223,107,219,73,85,1,2,272,8,0,118,202,2236,642,816,787,971,6,9,7,0,11,0,89139,240264,69251,54168,58656,5181,10370,8.20211130930345,3604,2698,87197,240262,240262,231375,235518,240264,240264,240264,240252,240259,240259,240259,27188,78137,1597,308,218445,215054,131046,240264,239940,240224,240224,240224,131910,16170,26577,240230,240221,4,13,30,23,33,1557,660,280,1170,552,944,1451,336,13,11,1364,28,28,385,688,8866,1797,23835,39336,41899,221,41,14,3,163,94,9,18,ชัยนาท,ChaiNat,2,1,6,ChaiNat,CNT,ชัยนาท,ชน,0.016365331468717745,0.002459794226351014,0.0016523490826757235,0.012415509606099957,0.0005535577531382146,0.00006659341391136417
19,11790,42964,8558,6994,1193,1300,1969,3591,36,1.76889088973138,0,6,0,271,356,612,770,147,48,17,1212,308,640,14,9,1757,7,0,211,921,2767,240,1976,1633,1504,271,24,12,2,75,166,138192,395389,72590,58454,72272,4820,7621,8.45307977306935,5294,4159,150292,395389,395389,381632,390730,395387,395387,395387,395360,395380,395380,395380,49843,137802,2306,1170,373962,371163,190501,395131,394872,395314,395330,395326,191428,18093,23080,395349,395344,12,162,20,1739,2237,8000,3928,520,331,141,7409,4882,7332,164,69,13935,50,21,997,5922,13844,901,66291,51053,43386,3737,122,41,30,1540,2492,10,19,สระบุรี,Saraburi,2,4,7,Saraburi,SRI,สระบุรี,สบ,0.017688908897313785,0.0032879012820285847,0.0049799058648571405,0.009082195002895883,0.0030172817149693087,0.0000910495739638685
20,14483,48306,7233,6067,1083,524,1985,3154,25,1.04194037566184,3,3,0,123,285,215,718,106,38,19,437,156,235,17,5,1725,10,1,254,620,2663,112,1743,979,1019,187,25,0,0,280,58,312156,582279,69658,57093,91818,2867,5285,8.33681877010213,3485,2753,144290,582274,582274,519287,576926,582272,582272,582272,582259,582266,582265,582264,48407,132230,3676,310,543405,539352,215998,580074,581744,582234,582237,582191,216671,11362,16222,582213,582129,29,53,61,1133,2596,3614,5112,547,309,198,3375,2579,3764,384,51,18894,42,13,1124,4467,16577,710,87760,30592,28629,3351,100,11,3,5341,2027,11,20,ชลบุรี,ChonBuri,5,4,9,ChonBuri,CBI,ชลบุรี,ชบ,0.01041940375661839,0.0008999122413825675,0.003409018700657245,0.005416647346031713,0.0018599331248422147,0.00004293474434077135
21,10962,30254,4011,3364,897,601,784,1587,9,0.953201328361423,0,0,1,136,135,460,673,30,46,107,493,44,203,3,0,705,0,0,80,420,1317,20,742,796,796,536,4,5,0,87,123,152595,352916,42546,34975,57173,1585,3977,7.94421835577837,2885,2085,109555,352908,352908,331719,348287,352914,352914,352914,352905,352906,352906,352906,34772,100077,2441,487,332811,330497,138784,352908,352561,352885,352884,352879,139266,5828,11532,352892,352885,0,0,41,976,1195,8917,8699,156,196,581,3666,1449,3004,72,19,7101,6,8,420,3138,8909,75,46193,31174,27960,13812,34,19,14,2249,2774,12,21,ระยอง,Rayong,5,5,10,Rayong,RYG,ระยอง,รย,0.009532013283614232,0.0017029548107765022,0.002221491799748382,0.004496820773215156,0.002541681306599871,0.00002550181912976459
22,11007,37248,5825,5063,1225,1225,1587,2096,26,1.82699316546503,1,6,0,241,512,618,626,131,70,80,1107,140,368,15,6,1239,3,0,354,501,1354,482,1619,1421,1530,231,24,2,6,192,182,101967,277122,38719,32891,58486,3298,7642,8.06880657467612,3924,2740,101255,277119,277119,268388,273702,277122,277122,277122,277090,277122,277122,277122,32167,91119,2068,239,256977,254686,141055,276499,275091,277111,277118,277118,141817,11742,21747,277118,277115,16,25,21,1434,3397,9621,4931,537,411,542,7327,1484,2928,169,78,11571,70,0,1973,2960,8281,1977,48095,54542,53108,3758,112,29,23,3154,2493,13,22,จันทบุรี,Chanthaburi,5,6,10,Chanthaburi,CTI,จันทบุรี,จบ,0.0182699316546503,0.00442043576475343,0.0057267196397254635,0.007563455806467909,0.00442043576475343,0.00009382149378252178
23,4500,12982,2292,2065,345,192,638,1048,34,1.67534764477762,0,1,0,19,14,38,313,75,5,3,119,15,25,1,3,573,5,0,59,313,820,26,428,437,445,57,20,17,1,27,135,48310,123258,19412,16765,26122,910,1850,8.29670875595115,942,638,42748,123256,123256,118330,122230,123132,123130,123130,122622,122384,122204,122158,13244,40043,959,40,111936,111593,60504,123092,120312,122228,123063,123062,60673,3151,5147,122198,122763,0,4,9,123,183,597,1969,254,23,13,636,227,217,46,28,5315,18,0,383,1720,3479,85,12864,17005,17673,1292,70,34,7,1921,8182,14,23,ตราด,Trat,5,6,11,Trat,TRT,ตราด,ตร,0.016753476447776208,0.0015577082217787081,0.005176134611952166,0.008502490710542114,0.002799006961008616,0.0002758441642733129
24,11425,43639,7131,6067,1434,958,1377,3485,35,1.39926750064578,0,5,1,908,384,923,297,110,54,37,846,310,353,3,6,1118,19,0,250,815,2781,276,1215,1505,1754,156,28,10,6,93,104,149470,433584,72489,61428,80446,4977,9320,8.20497758747575,5218,3727,167610,433576,433576,417474,426739,433469,433469,433469,433351,433420,433419,433399,56188,153457,5598,589,409571,407323,215972,433094,432213,433422,433502,433496,217026,19544,29862,433511,433522,14,95,82,8447,2667,17790,1998,498,326,228,5697,4566,2721,146,76,10412,108,13,1331,5129,16566,1428,61601,46554,56446,2257,150,46,34,1948,3536,15,24,ฉะเชิงเทรา,Chachoengsao,5,5,9,Chachoengsao,CCO,ฉะเชิงเทรา,ฉช,0.013992675006457803,0.002209491125133769,0.003175855197608768,0.008037658216170338,0.0033073176131960588,0.0000807225358869331
25,10412,40803,8667,6893,951,1571,3252,2046,51,2.0901242915925,3,4,15,451,421,364,294,182,36,56,1427,183,222,56,6,3016,7,0,236,769,1490,32,1541,1940,1870,104,47,7,18,66,147,113469,329789,73027,56415,57661,3600,4708,8.25848469626065,2918,2226,132980,329520,329520,316179,326645,329524,329524,329524,329490,329504,329504,329503,44561,121072,2252,251,312048,309842,154872,327621,328973,329476,329472,329471,155695,13517,14795,329438,329463,18,152,103,2374,2140,4873,1309,624,178,310,8352,4766,1754,559,24,21196,38,0,933,3853,6509,135,39649,58053,53409,1621,188,43,60,1290,1707,16,25,ปราจีนบุรี,PrachinBuri,5,5,8,PrachinBuri,PRI,ปราจีนบุรี,ปจ,0.02090124291592503,0.004763651910767187,0.009860850422542899,0.006203966778758539,0.0028836619778100543,0.00015464433319486095
26,4127,14422,3003,2463,327,483,654,1321,6,1.47655673922557,0,0,0,29,176,126,134,64,4,2,443,66,30,4,5,567,1,0,87,253,1100,54,803,520,698,66,6,0,0,57,13,57648,166807,32303,25943,36494,2711,4509,8.02598529003608,2229,1618,64661,166807,166807,162545,165729,166807,166807,166807,166799,166807,166807,166807,20762,60053,1230,522,153643,151836,90916,166772,166330,166795,166794,166793,91392,9543,12805,166799,166790,0,0,0,140,1050,2363,742,221,31,17,2693,704,286,66,23,3918,11,13,299,1295,6043,163,36636,21878,23196,933,31,4,3,3134,132,17,26,นครนายก,NakhonNayok,2,4,8,NakhonNayok,NYK,นครนายก,นย,0.014765567392255721,0.002895561936849173,0.003920698771634284,0.007919331922521236,0.001960349385817142,0.00003596971350123196
27,7204,26182,6600,5698,787,1118,2355,2007,69,1.71599112189921,1,4,0,195,263,192,384,66,15,19,1051,47,281,9,9,2046,26,0,281,645,1547,12,1069,1497,1554,101,25,47,0,28,68,118571,332053,87329,75271,54835,3708,5736,8.02714829089744,2999,2202,140196,332052,332052,321104,325871,332052,332052,332052,332030,332051,332050,332050,45558,129304,3262,177,311279,308233,144473,332049,331563,331957,331971,331969,145226,13552,17363,331978,331977,13,62,13,926,1228,3187,1579,228,41,61,4640,475,2017,225,35,10707,111,0,1051,2926,6038,23,46544,52433,48294,1133,97,120,2,327,1688,18,27,สระแก้ว,SaKaeo,5,6,9,SaKaeo,SKW,สระแก้ว,สก,0.017159911218992147,0.0033669323872996177,0.007092241298828801,0.006044215833014609,0.002370103567803935,0.00020779815270453812
30,63226,224825,63079,51234,9346,7620,22387,18328,148,2.98783556582202,31,49,24,2366,3120,5305,4444,351,63,94,7337,903,1545,69,56,20215,159,14,2067,5571,13294,1197,6808,14474,15734,975,83,66,13,440,920,640069,1714753,494977,395096,329560,25942,41660,8.18971860846253,26875,18589,670711,1714738,1714734,1633977,1682477,1714744,1714744,1714744,1714603,1714720,1714719,1714722,206346,609550,14028,1039,1588259,1568646,799829,1714615,1711987,1714577,1714544,1714543,803748,89428,127229,1713813,1714074,144,818,212,9200,12824,85274,20322,1207,260,348,29771,7976,10954,1142,286,103515,750,59,7039,22385,48616,3283,165732,335278,336019,8145,411,211,111,4534,9606,19,30,นครราชสีมา,NakhonRatchasima,3,5,7,NakhonRatchasima,NMA,นครราชสีมา,นม,0.029878355658220165,0.00444378869726427,0.013055524614915385,0.010688419848223038,0.0054503476594005085,0.00008630980671851865
31,35228,148609,42544,35469,5016,7191,18599,9304,178,3.36599461919155,16,17,0,1334,2991,2025,1104,408,325,226,6763,512,1338,67,26,16878,145,0,1691,3116,5463,1584,4719,11099,11741,884,99,83,14,145,939,335733,1053745,324575,265119,192134,18423,15682,8.23409078047139,15167,10867,472201,1053742,1053742,1025917,1035600,1053711,1053711,1053711,1053636,1053689,1053683,1053675,151533,434961,10581,999,993548,981893,522686,1051444,1050626,1053542,1053557,1053544,526323,68160,52467,1053543,1053585,69,227,45,4771,11890,16833,3814,1395,1245,831,26035,4063,6930,915,135,80408,708,6,5983,11661,18856,5546,118160,231027,218686,6895,326,293,50,1595,8243,20,31,บุรีรัมย์,BuriRam,3,6,7,BuriRam,BRM,บุรีรัมย์,บร,0.0336599461919155,0.006824231668952166,0.01765038031022686,0.008829460638010145,0.004760164935539433,0.0001689213234700995
32,11767,45886,16345,13624,2086,3217,4727,5917,67,1.54348646220531,6,8,10,717,1145,876,500,387,181,111,2874,271,669,10,29,3643,105,0,982,1638,2687,2072,1647,4879,4907,241,52,19,9,29,397,269337,882677,312817,254978,169469,18089,12823,8.40971719444413,17529,12083,419547,882675,882675,863518,876572,882677,882677,882677,882594,882674,882674,882674,137233,382052,12933,621,825183,813356,457007,881927,880764,882617,882619,882614,460122,64291,43399,882633,882626,44,160,47,2077,3705,8487,1503,1071,598,358,9429,2546,3110,176,88,14902,412,15,2958,5186,8076,6316,36514,207172,208391,2097,194,47,68,1387,3455,21,32,สุรินทร์,Surin,3,7,7,Surin,SRN,สุรินทร์,สร,0.015434864622053141,0.003644594795151567,0.005355299843544128,0.006703471371747536,0.002363265384733034,0.00007590545578960368
33,30136,127344,48159,40302,7540,8940,21233,8755,102,4.1959177724218,6,29,10,3937,2815,1480,1441,471,475,429,8291,489,1368,82,14,18723,172,0,2501,3329,4453,1879,6973,13623,14252,498,56,46,2,76,767,277358,960505,395796,324189,177230,15975,11179,8.32520064321202,21504,16182,462501,960505,960505,944880,950647,960505,960505,960505,960418,960505,960505,960505,151193,419802,12985,507,909137,896998,508364,958287,958341,960495,960495,960490,511058,62163,38828,960490,960491,27,401,61,11165,8421,11691,4713,1401,1339,1231,24575,3206,6288,607,65,66077,516,0,6749,9550,11959,5083,128582,244302,242185,3662,207,112,14,885,5707,22,33,ศรีสะเกษ,SiSaKet,3,8,7,SiSaKet,SSK,ศรีสะเกษ,ศก,0.04195917772421799,0.009307603812577758,0.022106079614369525,0.00911499679855909,0.00785003722000406,0.00010619413745894087
34,25783,106919,34507,27879,4375,3116,18562,3464,81,2.39731298697167,9,9,8,2301,1032,738,1261,145,101,116,2935,213,1362,52,10,17899,87,0,608,1218,2376,93,3544,7518,8144,162,23,60,0,38,322,374925,1162927,414855,330115,198186,17766,29681,8.5311275588451,26003,20384,521511,1162926,1162926,1127000,1154153,1162927,1162927,1162927,1162819,1162927,1162927,1162927,163549,473801,13495,608,1098946,1087992,534183,1162927,1160990,1162907,1162909,1162894,536315,65777,98688,1162896,1162886,34,174,62,6724,3159,12421,4756,476,295,342,8803,3216,5649,536,45,75460,344,0,1799,3970,7698,235,120457,221153,244430,1400,76,141,8,346,2827,23,34,อุบลราชธานี,UbonRatchathani,3,9,7,UbonRatchathani,UBN,อุบลราชธานี,อบ,0.023973129869716673,0.002679445915349803,0.015961448998948344,0.0029786908378599862,0.0037620590114426787,0.00006965183541185302
35,7439,31106,8863,6985,855,612,4409,1548,27,1.7647757332599,1,0,2,578,166,128,157,48,6,8,567,19,170,6,4,4265,25,1,125,434,995,203,568,1809,1686,48,16,11,1,47,99,133024,395801,125616,96551,74008,6782,7551,8.36942957661775,4899,3493,154483,395801,395801,385528,393190,395800,395800,395800,395777,395796,395792,395792,48326,139755,5061,195,372485,367741,197992,393264,395042,395785,395786,395781,198853,24062,24280,395786,395790,9,26,11,2327,743,1394,697,192,55,52,2345,186,1312,166,14,20144,164,6,477,1627,4111,670,21885,66382,64508,839,58,33,2,457,1723,24,35,ยโสธร,Yasothon,3,8,6,Yasothon,YST,ยโสธร,ยส,0.01764775733259896,0.0015462315658626431,0.01113943623184378,0.003911056313652568,0.0021601764523081044,0.00006821609849394013
36,24303,94953,30993,25049,5244,6117,10544,6315,78,3.13984985779234,5,5,9,3412,1807,1779,647,252,154,81,5870,462,443,38,25,9532,65,1,970,1410,4607,713,3317,7914,8663,383,47,32,7,69,469,260626,797777,282082,227215,155770,15857,17450,8.29769861794295,10753,7279,323743,797774,797774,779281,790452,797777,797777,797777,797712,797769,797769,797769,100368,292327,7558,364,750783,744153,417088,797760,796862,797675,797671,797666,419331,56701,58568,797673,797682,16,99,92,11651,6455,24087,2339,715,428,229,22032,3015,2972,465,89,40558,244,11,3186,5072,15765,2052,90905,171092,180437,2761,165,113,46,693,5296,25,36,ชัยภูมิ,Chaiyaphum,3,4,6,Chaiyaphum,CPM,ชัยภูมิ,ชย,0.03139849857792341,0.00766755622185147,0.013216725977309449,0.007915745878860885,0.006573265461400868,0.00009777168306431496
37,3742,14907,5232,4135,366,1025,2122,937,6,1.67305949375283,3,1,0,100,201,146,103,30,4,2,991,1,99,0,0,1932,14,0,183,318,493,198,504,1685,1151,16,0,6,0,2,33,85339,247152,88251,69792,45563,3926,4334,8.84453766742052,4262,3106,100915,247152,247152,240260,245499,247152,247152,247152,247147,247152,247152,247152,31033,91030,2927,81,230829,228129,119204,243734,245806,247151,247152,247150,119567,14195,14445,247147,247148,5,7,6,283,680,1547,343,99,24,19,2949,70,752,50,0,8084,54,0,484,1073,1670,529,21703,48806,38267,291,0,22,0,24,896,26,37,อำนาจเจริญ,AmnatCharoen,3,9,6,AmnatCharoen,ACR,อำนาจเจริญ,อจ,0.016730594937528324,0.004147245419822619,0.00858580954230595,0.0037911892276817506,0.0014808700718586133,0.000024276558555059236
38,10321,42984,12395,10521,2365,410,6060,2915,39,3.61366329492177,0,10,7,1788,473,1590,249,65,8,4,355,64,427,16,2,5834,49,0,194,771,1955,371,1576,3494,4092,146,20,19,0,43,176,92636,291145,88334,73528,44069,3110,3533,8.09291204283432,4374,3306,138948,291145,291145,283318,286857,291145,291145,291145,291133,291145,291145,291145,44531,126351,3300,85,278791,276393,127752,291145,290433,291129,291129,291128,128294,11964,12099,291134,291126,8,56,24,6466,1636,35497,890,233,23,13,1201,1689,1774,138,23,26702,220,0,669,2891,6503,966,42052,78497,79063,1515,74,36,0,502,2662,77,38,บึงกาฬ,BeungKan,3,5,4,BeungKan,BKN,บึงกาฬ,บก,0.03613663294921774,0.0014082330110426076,0.020814370846141957,0.010012193237046833,0.00812310017345309,0.0001339538717821017
39,1136,4477,1478,1277,120,140,69,920,83,0.37421684063696,8,8,32,12,50,6,57,25,0,0,118,33,26,0,12,27,30,0,0,119,661,171,99,434,488,2,74,17,0,1,37,102243,341246,109965,88388,57078,4400,3152,8.44703304871727,4328,3343,143893,341246,341246,335138,339632,341246,341246,341246,341236,341246,341246,341246,44775,131942,4090,384,328169,325652,171978,341091,340611,341245,341246,341245,172763,17942,12219,341243,341231,47,38,166,62,182,142,227,94,0,0,409,305,765,50,48,130,95,0,0,409,2286,564,16352,71328,70996,170,209,41,0,44,1043,27,39,หนองบัวลำภู,NongBuaLamPhu,3,4,5,NongBuaLamPhu,NBP,หนองบัวลำภู,นภ,0.0037421684063695983,0.0004102612191791259,0.00020220017230971205,0.0026960022974628272,0.0003516524735821079,0.00024322629422762464
40,25648,106558,32179,25637,4241,4901,11230,7905,158,2.24741460096271,13,15,26,2208,1918,1924,737,384,100,48,4644,416,792,205,60,10620,63,0,519,2152,4511,1916,1996,9111,9449,311,125,33,14,102,917,353910,1140733,371506,288585,222956,13493,15888,8.39460314769292,15740,12075,463350,1140713,1140713,1121270,1123263,1140556,1140556,1140556,1140471,1140535,1140531,1140531,148867,418633,11567,766,1079346,1068897,622354,1139331,1138951,1138093,1140497,1140469,624999,53426,55974,1140483,1140494,43,315,266,8520,7891,37956,2742,1348,355,214,18316,5559,4968,1305,242,49581,264,0,2024,8873,17386,6076,55051,260476,262508,3096,528,124,106,1215,11607,28,40,ขอนแก่น,KhonKaen,3,5,6,KhonKaen,KKN,ขอนแก่น,ขก,0.022474146009627143,0.004296360322704787,0.009844547321765916,0.006929754815544041,0.0037177849680863095,0.00013850743337836285
41,27386,113884,33732,26974,4589,2733,14581,7837,74,2.64637004639536,14,15,8,2271,1933,2849,1046,168,37,60,2560,411,1343,26,25,13845,99,3,672,2595,4272,1632,3051,7308,8157,290,52,22,3,62,315,328096,1019283,319062,250756,169456,11757,24269,8.46830500829026,16395,11667,435708,1019262,1019262,994302,1001370,1019261,1019261,1019261,1019236,1019241,1019241,1019238,137001,395435,12387,497,970685,959960,481472,1018299,1017896,1019131,1019146,1019131,483464,45606,83681,1019159,1019159,49,112,97,7541,6674,31019,3624,548,112,235,8737,2841,7325,405,107,67336,438,37,2353,11057,14558,5089,106937,166402,196743,2368,175,65,20,471,2833,29,41,อุดรธานี,UdonThani,3,5,5,UdonThani,UDN,อุดรธานี,อด,0.026463700463953584,0.002681296558463155,0.014305153720801779,0.007688738063913555,0.0045021843786269364,0.00007260005317463354
42,16524,62318,24630,19707,2937,3109,9982,3577,2686,4.42815124067778,72,52,646,1948,806,318,422,1055,291,260,1937,235,393,64,403,7761,579,0,1469,814,2044,981,1803,5101,4719,179,2337,349,94,95,325,155536,445039,184938,144336,82901,5369,6202,8.37204248534101,5617,4103,170431,445033,445033,430076,434268,445037,445037,445037,444772,445037,445037,445035,52307,153857,4472,200,420299,416994,217169,445039,443798,444991,444985,444977,218013,20045,21513,444981,444975,205,161,3114,4404,2120,4114,1349,5597,752,668,5183,1295,1970,267,1684,27773,1868,4,3353,2265,5049,2880,40888,64995,57070,1429,7210,1061,818,328,4020,30,42,เลย,Loei,3,3,4,Loei,LEI,เลย,ลย,0.044281512406777836,0.006985904606113172,0.022429494943139814,0.008037497837268195,0.0065994216237228644,0.006035426108723056
43,5864,21871,6054,4801,1293,1136,1427,1772,30,1.55807319471534,3,6,3,702,678,231,135,81,33,36,1080,38,183,19,4,1221,32,0,174,686,937,323,803,1652,1758,104,18,12,2,11,188,103419,308137,85527,66676,54424,3118,5280,8.35415155822431,4217,3088,127347,308132,308132,301857,305473,308137,308137,308137,308119,308137,308137,308137,40286,115795,2389,427,290221,286777,146738,308089,307687,308096,308091,308088,147267,11921,17422,307084,307539,28,62,53,2510,2902,2606,564,270,173,191,4340,404,1465,239,24,6946,145,0,840,3153,3767,1202,49350,55970,55771,690,82,41,13,222,2093,31,43,หนองคาย,NongKhai,3,4,4,NongKhai,NKI,หนองคาย,นค,0.015580731947153377,0.0036866718375268143,0.004631056964921447,0.005750688816987249,0.0041961854629596574,0.00009735929148398277
44,9933,40602,12887,9994,2274,1569,3761,3414,39,1.3906185427865,8,8,2,1764,354,269,310,219,16,15,1373,98,102,4,2,3494,35,0,251,919,1253,1512,570,4170,3396,55,24,15,4,21,148,213944,718673,246835,186266,131598,9568,12476,8.47316587518229,16267,12783,309083,718660,718660,705972,711743,718673,718673,718673,718639,718665,718665,718665,96467,276880,9085,470,686355,678469,386665,718427,716543,718606,718606,718604,388142,37749,45036,718614,718609,29,122,20,6505,1507,9419,1251,669,52,55,5377,1275,765,123,17,16109,180,7,861,3717,4938,4984,19851,202221,151573,784,108,65,16,2080,3407,32,44,มหาสารคาม,MahaSarakham,3,6,6,MahaSarakham,MKM,มหาสารคาม,มค,0.013906185427864967,0.0021831904078767395,0.005233256293195932,0.004750421958248049,0.0031641650653356952,0.000054266683178580526
45,10977,44553,15414,11752,1578,1154,6036,3812,46,1.29208455281692,6,9,7,997,347,394,365,148,18,22,994,406,133,11,11,5703,47,0,291,1209,1926,1094,702,3447,3038,225,31,15,0,76,133,291321,909538,355710,266256,175873,15679,15603,8.60539748250212,14016,9905,365499,909536,909536,891543,902877,909536,909536,909536,909501,909534,909527,909527,117449,326925,10384,691,857654,847465,488175,908494,908243,909477,909487,909485,490416,58659,52624,909504,909492,29,97,31,3676,1064,6074,1192,429,47,76,3954,6942,1173,169,33,24387,183,5,872,4263,6496,3028,23421,208049,175059,1578,73,67,8,795,2851,33,45,ร้อยเอ็ด,RoiEt,3,7,6,RoiEt,RET,ร้อยเอ็ด,รอ,0.012920845528169246,0.0012687760159553532,0.006636336249832332,0.004191138797939174,0.0017349467531867827,0.000050575127152466415
46,10947,48901,17551,14041,1376,1341,8698,3245,245,1.97944847245111,3,2,0,671,446,242,327,66,75,157,1164,95,152,13,1,8198,64,0,462,1007,1375,1081,1747,4386,4910,118,223,41,23,10,91,211650,709339,278816,212211,122313,11134,11929,8.35530829199149,11096,7801,307587,709339,709339,698014,702175,709334,709334,709334,709292,709335,709331,709335,97796,276907,9686,472,677940,671827,358794,708564,705921,708038,707951,707950,360414,42374,42092,707862,707974,15,70,29,1800,1312,3274,963,199,207,516,3720,2995,760,170,9,31753,206,0,1267,3012,3977,2896,40690,149755,165831,1450,890,130,118,376,823,34,46,กาฬสินธุ์,Kalasin,3,6,5,Kalasin,KSN,กาฬสินธุ์,กส,0.01979448472451113,0.001890492416179006,0.012262120086446678,0.00457468149925494,0.0019398341272649608,0.00034539197760168267
47,15971,62564,22024,18682,5782,3959,8326,2141,40,2.51213575914048,9,5,10,4497,1156,2136,505,74,38,55,3845,202,283,15,12,7815,50,0,473,777,1165,332,1876,5232,6418,135,21,22,1,3,231,249135,743670,262032,210881,123648,9338,10877,8.54694041383186,9569,7529,319229,743669,743669,724372,738005,743669,743669,743669,743635,743669,743669,743669,99214,293899,10434,265,702069,694715,329831,743231,742778,743628,743629,743626,331163,33502,35163,743622,743630,25,58,67,11161,3690,7114,1391,260,123,157,9881,1913,1808,217,56,32920,155,0,1469,2421,3953,919,30436,148934,162929,1244,94,59,14,64,1387,35,47,สกลนคร,SakonNakhon,3,6,4,SakonNakhon,SNK,สกลนคร,สน,0.02512135759140479,0.005323597832371885,0.011195826105665148,0.0028789651323839877,0.007774953944625977,0.00005378729812954671
48,8244,31865,12119,9203,2634,2462,3966,1196,11,1.82155743853753,2,0,0,2390,215,687,60,123,39,64,2304,16,252,5,0,3700,24,0,251,308,426,526,560,4096,3980,76,2,11,0,2,59,166831,505227,192495,142470,83065,6556,7677,8.37479245463973,9240,6188,230313,505223,505223,488745,502578,505227,505227,505227,505209,505227,505227,505227,71331,211546,6317,439,478114,472722,224516,503981,504447,505227,505227,505219,225786,24100,25750,505227,505227,7,43,4,7578,692,5106,175,342,127,199,6374,157,941,92,4,14902,113,4,831,1077,1638,1642,11487,150527,147873,423,17,38,0,31,523,36,48,นครพนม,NakhonPhanom,3,7,4,NakhonPhanom,NPM,นครพนม,นพ,0.018215574385375286,0.004873057061479296,0.007849936761099467,0.0023672527398575292,0.005213498090957134,0.000021772391420094332
49,2714,9420,3950,3178,888,1406,448,549,1,1.30572332470521,0,0,0,843,0,0,45,32,365,365,1024,3,3,0,1,293,3,0,153,138,206,243,488,965,948,0,1,0,3,0,0,87768,243390,92320,72141,39365,2996,2188,8.5296691277003,4573,3052,101251,243389,243389,232915,239588,243390,243390,243390,243383,243390,243390,243390,31498,90957,2892,179,229745,227347,102424,243368,243109,243384,243378,243374,102824,10639,7271,243388,243387,0,6,0,2283,0,0,137,76,994,994,2944,138,113,49,7,1248,22,0,468,436,532,754,16905,55223,40930,15,3,0,6,0,0,37,49,มุกดาหาร,Mukdahan,3,7,5,Mukdahan,MDH,มุกดาหาร,มห,0.013057233247052056,0.005776736924277908,0.0018406672418751796,0.002255639097744361,0.003648465425859731,0.000004108632236328526
50,56183,176178,64360,54887,18073,18255,19451,20210,188,5.62456127766192,25,17,16,11500,8216,2977,3146,1215,1342,2496,16799,1114,5902,108,33,4180,60,4,15704,5434,15812,320,14004,18310,15194,1066,141,51,15,229,1101,378466,975845,332499,268579,220363,11898,24050,8.31087865224353,12252,9242,293807,975830,975830,926458,963564,975845,975845,975845,975515,975831,975822,975831,92323,264390,5805,830,892938,884737,481025,975845,973244,975766,975774,975727,482863,37540,60460,975762,975764,80,96,67,33008,24573,17756,10537,3477,3455,6616,51329,6513,20228,679,123,19036,200,24,42297,18744,51556,837,176038,199327,132677,9933,431,145,62,2968,7293,38,50,เชียงใหม่,ChiangMai,1,1,1,ChiangMai,CMI,เชียงใหม่,ชม,0.056245612776619235,0.01870686430734389,0.019932468783464587,0.02071025623946426,0.018520359278369,0.00019265354641362101
51,8627,28039,9238,7927,2348,2549,3342,2473,25,2.53854898883961,0,3,5,1643,1065,716,262,142,58,39,2447,65,541,2,6,427,0,0,2912,545,1913,150,605,3114,3113,13,17,11,0,12,40,115558,312265,105365,83928,75610,7730,13010,8.33103722805864,4919,3704,94609,312265,312265,303597,308844,312263,312263,312263,312233,312263,312263,312263,27909,81748,2368,509,286022,283480,165634,312265,311440,312185,312181,312181,166490,22817,34209,312185,312148,0,15,44,5072,3362,4797,846,410,182,117,7717,657,2249,31,36,2748,0,3,9636,1817,6812,335,22429,61724,42057,133,40,25,9,92,283,39,51,ลำพูน,Lamphun,1,0,2,Lamphun,LPN,ลำพูน,ลพ,0.025385489888396073,0.00816293852977439,0.01070244824107729,0.007919555505740316,0.007519254479368485,0.00008006020527436633
52,20701,59194,25167,19387,3606,2730,2263,13471,17,3.74093084285273,0,0,1,1737,840,1916,1261,125,204,227,2454,235,652,6,5,782,4,5,1495,2585,11038,796,3414,7046,5005,565,6,11,2,81,207,201010,518240,228192,173368,132161,11634,25219,8.50087060345257,6211,4374,151113,518240,518240,504727,514993,518240,518240,518240,518213,518240,518240,518240,42886,135379,2944,1050,463230,456840,283974,517278,517719,518233,518231,518228,285186,34333,63893,518230,518228,0,7,5,4410,2701,14286,4254,316,614,718,7329,2232,3678,104,11,2907,11,18,3637,8548,33989,1840,39233,111731,74815,3091,20,34,7,758,1414,40,52,ลำปาง,Lampang,1,1,2,Lampang,LPG,ลำปาง,ลป,0.03740930842852732,0.005267829577029947,0.004366702686014202,0.025993748070392095,0.006958166100648348,0.000032803334362457546
53,12742,40269,16339,12203,1461,1385,3891,6905,40,4.09812942875374,11,8,1,192,366,945,923,98,264,330,1017,54,76,1,1,3254,14,0,663,1307,5851,135,1055,4069,3544,179,17,23,2,63,84,116634,297770,123122,91150,74123,7036,12065,8.44944870277964,4503,3171,99335,297754,297754,288110,295090,297769,297769,297769,297758,297769,297769,297769,28699,91725,2192,338,264984,259578,157837,297734,296703,297724,297732,297731,158796,21158,29688,297730,297705,42,37,23,529,913,9993,2940,254,649,823,3000,428,498,55,3,13463,62,3,1500,3870,18408,281,24690,70829,52360,1336,50,65,6,310,573,41,53,อุตรดิตถ์,Uttaradit,1,3,2,Uttaradit,UTT,อุตรดิตถ์,อต,0.04098129428753736,0.004651240890620277,0.013067132350471841,0.023189038519662825,0.004906471437686805,0.00013433186687711993
54,6922,20319,9603,7421,1296,678,541,5514,44,2.39034713341944,0,0,17,476,606,135,326,86,98,111,518,46,110,13,4,155,7,0,376,1004,4542,270,676,2932,1876,86,29,15,9,24,22,118050,310457,132877,104805,84065,9126,13995,8.0485472257518,6002,4427,93220,310457,310457,304503,305864,310454,310454,310454,310437,310449,310449,310449,26346,84249,2439,634,277776,274109,174888,310457,309829,310388,310394,310388,175943,26849,35383,310387,310336,0,40,159,1130,1754,6106,825,179,358,376,1160,688,738,91,42,749,21,1,954,2792,12525,558,11366,81800,51165,930,120,45,35,151,181,42,54,แพร่,Phrae,1,2,2,Phrae,PRE,แพร่,พร,0.023903471334194428,0.002183877316343326,0.0017425923718904712,0.017760913749730236,0.004174491153364234,0.00014172655150310672
55,28335,96899,51771,44304,14930,15178,11286,14585,94,13.0552780699971,9,6,12,11254,2466,3970,2258,596,9318,6041,8974,908,1658,37,15,2629,31,1,8953,3552,10715,1566,8144,21871,13104,1536,60,34,6,25,309,112540,339357,177850,146445,76354,9267,9485,8.1410165274569,7642,5858,130992,339340,339340,332142,328981,339357,339357,339357,339232,339355,339355,339355,40379,117001,3968,438,311899,308388,175872,339313,338639,339307,339314,339311,176951,29117,25877,339325,339313,16,23,65,24136,5719,20050,5737,1199,18201,12214,18225,3385,4362,179,49,7551,77,22,18244,8719,24253,3063,54512,133329,67758,4931,143,64,10,108,1188,43,55,น่าน,Nan,1,3,1,Nan,NAN,น่าน,นน,0.13055278069997084,0.04472576077699885,0.03325701252663125,0.042978338445943357,0.04399496695220667,0.0002769944335905845
56,6838,20342,9512,7677,1662,507,1027,5163,43,2.48478767477991,2,2,0,1089,474,324,297,1,0,1,505,15,187,4,0,45,2,0,980,1430,3379,903,698,2208,1821,176,18,30,0,2,12,115620,308960,144361,114980,77365,7131,10788,8.21899325376232,5085,3793,99738,308913,308913,303296,306440,308941,308941,308941,308928,308930,308930,308930,31031,88055,2362,673,276478,272623,163730,308840,308498,308879,308887,308886,164536,20518,26504,308903,308882,9,9,5,2782,1283,2513,801,10,0,2,1152,144,623,85,4,147,4,9,2651,4290,8729,1887,8524,56874,40834,1849,41,69,17,5,56,44,56,พะเยา,Phayao,1,2,1,Phayao,PYO,พะเยา,พย,0.024847876747799067,0.0016409891248058,0.00332405489383739,0.01671090108751942,0.005379337131020197,0.00013917659243915069
57,40579,139715,54822,45494,9118,8294,21993,15537,205,5.85581468986476,5,9,39,3607,3622,4416,2756,1938,793,742,6217,1113,2261,308,60,10804,61,1,12062,5204,11057,776,11907,16370,12120,1082,149,72,9,142,1243,280284,776903,322529,261243,166044,11847,22862,8.42485479014143,11561,8033,269425,776433,776433,749821,765871,776450,776450,776450,776319,776441,776440,776440,87982,237760,5342,312,713469,705358,383389,768771,774090,776377,776382,776353,385214,37367,58654,776810,776807,25,94,248,9646,10528,47315,8458,6667,2288,2092,18219,5473,11298,1163,220,41341,196,15,34516,15606,30271,1776,145217,193126,117139,6124,478,185,18,1444,6438,45,57,เชียงราย,ChiangRai,1,2,0,ChiangRai,CRI,เชียงราย,ชร,0.05855814689864758,0.010675721422108037,0.02830855332004124,0.019998635608306312,0.011736342889652892,0.0002638682049110378
58,17407,57666,24689,22783,4213,8537,13137,4966,50,13.7121430978863,1,3,0,786,2427,1266,1429,1305,601,1951,6522,437,2561,57,7,3208,39,0,10513,1957,2165,1390,7650,6219,7875,178,20,30,0,8,287,60494,166152,70870,63634,24155,1725,1637,7.93110060501868,3131,2168,72898,166152,166152,148105,163948,166152,166152,166152,165931,166152,166152,166152,24175,66347,1662,242,155534,154106,55259,165907,165949,166152,166152,166131,55531,5531,4060,166152,166152,8,22,6,1961,5943,7502,3533,3347,1384,5103,16153,1210,6886,232,13,10320,114,6,24393,4993,5639,3200,46241,31808,35243,557,37,45,0,36,1010,46,58,แม่ฮ่องสอน,MaeHongSon,1,0,1,MaeHongSon,MSN,แม่ฮ่องสอน,มส,0.13712143097886273,0.05138066348885358,0.07906615629062545,0.029888295055130243,0.025356300255188022,0.0003009292695844769
60,23772,82987,24015,20005,3417,3847,7377,8777,152,2.89911990226611,4,2,3,950,1442,1264,1528,453,126,111,3417,628,868,60,25,6084,58,3,1259,2176,6097,1578,5540,4961,5338,951,63,94,6,442,558,252074,690037,197035,160340,150400,9317,21227,8.00693843871244,10012,7298,260271,690037,690037,661209,684319,690035,690035,690035,689989,690034,690034,690030,80246,237745,5470,449,632431,624836,344837,688669,688559,689967,689984,689978,346498,31308,55775,689996,690001,23,116,23,3660,5415,12722,5903,1521,509,469,12807,4746,5897,365,86,31996,221,21,4153,7865,21960,4850,126892,102121,103651,7284,216,217,16,4133,4142,47,60,นครสวรรค์,NakhonSawan,2,2,5,NakhonSawan,NSN,นครสวรรค์,นว,0.028991199022661104,0.005575063366167321,0.010690731076739363,0.012719607789147538,0.004951908375927668,0.00022027804306145901
61,6808,21156,6479,5592,1070,959,1567,2986,19,2.66001978841617,0,4,6,173,408,353,580,220,44,55,736,61,204,11,0,976,26,0,600,701,1673,879,1228,1659,1839,132,13,7,3,111,163,81450,210224,61970,52079,50366,2965,6280,8.41032535297729,4364,3475,78014,210196,210196,200695,205423,210216,210216,210216,210202,210216,210212,210212,23886,71740,966,109,189041,186280,104299,210224,208855,210154,210172,210167,104719,9321,15798,210173,210153,0,36,74,594,1530,4109,2079,816,160,169,2684,931,1077,160,0,4954,76,0,1877,2563,6027,2521,29538,34289,34438,1019,56,13,15,1256,3093,48,61,อุทัยธานี,UthaiThani,2,1,5,UthaiThani,UTI,อุทัยธานี,อน,0.026600197884161656,0.004561800745871071,0.007453953877768475,0.014203896795798768,0.005089808965674709,0.0000903797853717939
62,17532,58968,19001,16512,4234,4675,4345,6101,87,3.66873818247262,1,2,29,1372,2670,3212,769,112,639,827,3907,756,1232,22,63,3124,40,0,1166,1449,4446,688,2084,6251,6407,413,72,15,4,76,152,153969,450073,138518,117551,86746,8563,15111,7.98606862420357,6665,4932,196340,450068,450068,433003,445012,450071,450071,450071,450047,450068,450068,450067,62081,178384,4324,572,416025,410377,209743,450070,449571,450021,450018,450012,210889,27706,41423,450016,449978,14,81,196,4644,8948,58598,2463,341,1975,2611,13813,6763,9000,181,322,14472,164,0,3689,4932,14195,1870,39212,128636,123932,3320,300,59,9,515,1336,49,62,กำแพงเพชร,KamphaengPhet,2,1,4,KamphaengPhet,KPT,กำแพงเพชร,กพ,0.03668738182472621,0.010387203853597083,0.009653989463931407,0.013555578761667552,0.009407362805589315,0.0001933019754573147
63,26351,89562,27294,23633,6407,8666,12884,5881,72,7.09981133662593,7,10,7,3035,3810,6274,1013,1911,1632,1009,6911,414,2404,98,34,6087,36,0,7754,2083,3780,912,8932,7995,8683,837,51,23,18,203,804,121271,332868,100895,84347,55138,4318,6839,8.00712453925506,8108,6181,141584,332868,332868,304643,329970,332785,332785,332785,332669,332740,332731,332725,48206,129021,2378,140,310593,306766,129223,327930,330541,332704,332704,332691,129910,13484,17137,332469,332522,51,111,55,9290,13074,36342,3592,6402,5296,4027,24039,2947,10934,488,171,28763,148,0,23758,8543,12980,3115,110946,72715,67485,4346,233,91,56,2023,4176,50,63,ตาก,Tak,4,0,3,Tak,TAK,ตาก,ตก,0.0709981133662593,0.026034343944146027,0.03870603362293762,0.0176676640590264,0.019247870026557073,0.00021630195753271568
64,20836,62504,23092,18068,6376,4955,3342,7511,58,4.78394407964414,20,12,3,4162,2476,2740,799,208,190,316,4609,494,896,26,20,2256,55,0,1060,1565,5458,1147,1966,6588,6397,909,37,21,3,156,627,135978,377680,140188,107184,89304,9242,22271,8.14013296268514,6822,4819,147960,377680,377680,367927,373987,377680,377680,377680,377661,377680,377680,377680,43928,133707,2452,426,339645,334117,193285,377408,375967,377676,377676,377676,194570,27707,54934,377676,377675,66,194,23,15434,8000,19281,2590,580,616,1065,16278,4240,4404,232,70,9382,217,7,2858,5126,18023,2683,25372,98391,82059,5789,124,45,10,1177,4625,51,64,สุโขทัย,Sukhothai,2,1,3,Sukhothai,STI,สุโขทัย,สท,0.04783944079644143,0.013119572124549884,0.0088487608557509,0.019887206100402458,0.01688201652192332,0.00015356915907646686
65,32420,99216,34471,27392,6354,10625,5021,11641,117,5.38245240345599,6,48,3,2436,2601,8266,2196,3433,310,284,7742,1080,1405,44,37,3231,84,3,1756,3164,7702,1936,5573,8634,8552,1428,57,60,5,506,1189,184625,508913,167002,128847,109884,9731,30179,8.13297224102911,9975,7322,200225,508897,508897,491481,499194,508895,508895,508895,508869,508893,508893,508893,61698,179813,4694,1332,464963,458857,246886,496954,507977,508856,508884,508878,248436,30520,76966,508847,508841,29,438,30,8064,9159,91437,8386,8857,1020,1008,27419,6501,7360,429,154,14669,309,29,5152,11871,28144,5990,66489,121160,109943,11306,186,162,27,6287,9086,52,65,พิษณุโลก,Phitsanulok,2,2,3,Phitsanulok,PLK,พิษณุโลก,พล,0.05382452403455994,0.020877831770852777,0.009866126430254286,0.022874243731246795,0.012485434642070452,0.00022990177102962588
66,17602,51128,17717,14691,2311,5083,1550,7879,39,4.42898875794767,7,16,6,457,1222,1442,858,229,27,9,4962,141,964,13,8,418,34,0,1106,1760,5891,912,2181,4147,4511,265,20,19,6,118,154,125444,331701,105747,84018,82274,7574,16256,8.02389911036,7656,5825,126657,331693,331693,319679,327071,331696,331696,331696,331671,331696,331696,331696,39286,115501,3480,475,295796,290286,171968,331701,330826,331617,331641,331640,173070,23573,40802,331638,331563,27,176,21,1603,4256,20108,3866,607,94,55,16639,1246,4148,181,36,2159,133,0,3195,6025,19969,2098,35697,71108,72046,3127,82,57,17,2402,1522,53,66,พิจิตร,Phichit,2,2,4,Phichit,PCT,พิจิตร,พจ,0.044289887579476696,0.015324041832855493,0.00467288310858273,0.023753320008079566,0.006967117976732057,0.0001175757685385332
67,19353,67190,23686,20389,3809,8814,3267,7288,48,2.80258086509014,5,2,8,792,1132,1941,2326,5754,209,234,3350,259,395,17,17,1880,48,0,1364,1256,5614,908,2130,6986,7885,495,37,14,5,165,246,238860,727508,236048,193570,133340,9449,16208,8.27961986100645,8266,5673,303918,727505,727505,703382,715059,727508,727508,727508,727475,727500,727491,727490,97365,277138,5513,790,687546,681098,361567,726543,726559,727408,727402,727398,363117,35586,51920,727413,727415,33,48,54,2621,4121,18744,8814,15592,622,772,12654,3181,2363,231,70,7814,202,0,4415,4355,17411,2132,40462,135342,141871,3675,149,51,35,1704,3080,54,67,เพชรบูรณ์,Phetchabun,2,3,5,Phetchabun,PNB,เพชรบูรณ์,พช,0.028025808650901433,0.012115330690521616,0.004490672267521457,0.010017759254881046,0.0052356812571133235,0.00006597865590481479
70,11347,43647,8951,7237,775,718,1495,4646,7,1.44421694585134,0,0,1,123,130,357,543,22,2,2,703,65,216,1,6,1231,5,0,291,1029,3965,34,1430,1090,1251,165,7,0,0,106,57,168196,501102,96019,77867,105622,5277,10837,8.17349401888273,4868,3634,181484,501102,501102,487785,495758,501102,501102,501102,501075,501102,501102,501100,57547,168980,3580,611,471405,467771,275754,501089,499664,501096,501099,501098,277157,20549,33729,501090,501088,6,13,22,766,889,6621,2627,95,4,8,4615,1597,3590,51,106,9818,22,12,1850,5979,21475,144,71337,59400,60385,2559,75,17,17,2115,1937,55,70,ราชบุรี,Ratchaburi,4,1,9,Ratchaburi,RBR,ราชบุรี,รบ,0.014442169458513437,0.0014328420161963033,0.002983424532330743,0.00927156546970477,0.0015465913127467063,0.000013969211857067025
71,16583,59784,13082,11581,2659,2963,3181,4638,41,2.3957880800182,3,2,3,756,1570,2257,632,238,152,200,2675,461,808,31,0,2019,25,0,1182,1270,3499,199,2945,3236,4073,288,7,34,0,69,161,160569,483390,99495,85312,82353,4551,13312,7.76831767028505,7920,6339,209068,483381,483381,462058,474557,483381,483381,483381,483340,483378,483381,483386,69161,190209,4067,383,459440,455968,226554,483379,482689,483267,483301,483245,227669,17756,41914,483295,483299,18,90,18,3667,7497,31578,3327,847,489,692,13253,5557,5693,461,2,13141,127,0,5639,6424,16960,674,80275,86513,100031,3223,49,118,21,896,1628,56,71,กาญจนบุรี,Kanchanaburi,4,1,8,Kanchanaburi,KRI,กาญจนบุรี,กจ,0.023957880800182046,0.006129626181758001,0.0065806077908107325,0.009594737168745733,0.005500734396656944,0.00008481764206955047
72,18118,66165,14521,11940,1868,2164,4530,4811,34,1.98957887247199,0,0,0,340,838,479,916,123,45,37,2022,628,559,5,7,4191,18,0,322,723,4102,220,792,2633,3061,319,28,6,4,187,168,210028,600127,130456,105284,129318,5933,17981,8.1141133563144,4539,3190,220917,600127,600127,579438,597354,600125,600125,600125,600099,600119,600119,600119,69381,204285,5738,362,558356,552792,327967,598695,599590,600037,600023,600017,329301,21724,51718,599989,599982,10,5,22,1962,4317,6667,4038,468,240,174,10698,7699,3840,204,61,28486,141,0,1430,3604,19807,681,25115,87910,85461,3556,120,25,21,2430,1386,57,72,สุพรรณบุรี,SuphanBuri,2,1,7,SuphanBuri,SPB,สุพรรณบุรี,สพ,0.019895788724719934,0.003605903417110045,0.007548402254856056,0.008016636478612027,0.003112674483900908,0.00005665467476050903
73,6148,24032,3752,3132,722,694,209,1958,20,0.636004946705141,2,0,3,250,324,351,261,123,8,9,622,150,197,8,8,35,13,0,153,353,1684,24,391,637,705,92,17,6,1,60,80,160339,492449,70087,58176,92616,3544,7603,8.39265556103007,3892,3124,180355,492449,492449,479839,489733,492446,492446,492446,492423,492439,492436,492434,60214,167765,4035,1263,470313,467486,267846,492065,491991,492390,492382,492373,268752,15226,25607,492391,492397,16,79,5,2308,2804,9724,2137,485,23,38,5475,3295,3202,249,26,417,97,16,807,2515,11943,73,25023,38547,40552,1687,85,43,4,1290,975,58,73,นครปฐม,NakhonPathom,2,2,9,NakhonPathom,NPT,นครปฐม,นฐ,0.00636004946705141,0.0014092829917412768,0.00042440943123044214,0.003976046250474668,0.0014661416715233456,0.000040613342701477716
74,11236,38987,6617,5592,1744,310,1158,3102,1,1.76248664424686,0,0,0,806,127,1131,901,0,0,0,310,7,495,6,0,1157,0,0,1,766,2592,0,822,1018,988,164,1,0,0,374,14,123450,317279,46423,38493,53408,1764,5295,8.28984204131227,1029,797,96236,317279,317279,299655,314071,317279,317279,317279,317279,317279,317279,317279,31675,87900,2280,154,302107,300410,142093,317279,316994,317262,317262,317262,142467,7508,15526,317257,317260,3,29,7,5760,678,12942,5315,0,0,0,2544,220,5142,119,0,11840,0,0,28,4990,13844,0,46234,25019,26212,1983,1,3,0,8204,330,59,74,สมุทรสาคร,SamutSakhon,2,3,10,SamutSakhon,SKN,สมุทรสาคร,สค,0.017624866442468617,0.0009770580467033747,0.0036497845744597026,0.009776884067335059,0.0054967394627441464,0.0000031518001506560473
75,1464,5704,1091,903,113,83,356,407,2,0.719728368296882,0,0,0,65,33,67,40,10,0,0,78,1,59,2,0,309,0,0,47,48,286,85,291,78,161,2,0,2,0,25,9,43535,125464,23712,19333,31376,1393,2589,8.12231537843115,920,632,41809,125464,125464,122610,124464,125464,125464,125464,125458,125464,125464,125464,12773,39919,869,194,114879,113703,75634,125464,125282,125460,125457,125454,75924,5321,7638,125455,125456,0,0,0,371,168,919,241,28,0,0,512,78,716,36,0,2414,0,0,263,404,1651,245,28318,8788,13087,113,10,7,0,475,229,60,75,สมุทรสงคราม,SamutSongkhram,2,2,10,SamutSongkhram,SKM,สมุทรสงคราม,สส,0.00719728368296882,0.0006615443473825161,0.0028374673213033223,0.0032439584263214945,0.0009006567620990882,0.00001594082764777147
76,8913,32341,7044,5460,961,693,210,4301,12,1.79640718562874,0,0,3,365,540,2582,204,89,7,7,641,203,247,4,6,113,0,0,91,583,3828,67,80,1436,1595,109,6,6,0,86,83,101465,303940,61547,47663,62639,2952,7264,8.31494604050658,2788,2011,115322,303940,303940,296080,301793,303940,303940,303940,303921,303940,303940,303940,36870,104598,3600,729,286043,283728,165219,303935,302510,303937,303937,303936,165790,11400,22019,303937,303935,13,41,31,2460,3768,63588,1311,483,54,87,4805,5974,2180,70,41,754,0,0,606,3749,21159,195,4767,58024,64985,1053,31,21,5,1428,994,61,76,เพชรบุรี,Phetchaburi,4,1,10,Phetchaburi,PBI,เพชรบุรี,พบ,0.017964071856287425,0.0022800552740672502,0.0006909258406264394,0.0141508192406396,0.003161808251628611,0.00003948147660722511
77,6618,20302,3682,3053,691,885,614,1360,11,1.09506199851505,1,1,0,137,158,428,445,126,36,90,807,55,357,3,9,378,4,0,227,320,1023,104,948,484,787,102,7,4,2,61,58,121161,278797,44907,36239,53168,2142,4457,8.08184977014056,3650,2725,91433,278796,278796,263432,275819,278797,278797,278797,278791,278792,278792,278792,28513,83839,2160,488,255798,253934,119767,278778,278366,278784,278787,278783,120194,7499,11941,278789,278786,6,35,11,851,1008,4185,3096,536,236,490,4967,1101,2206,93,52,3194,59,0,1132,2068,6034,456,64617,22950,31658,2448,44,45,14,1417,1146,62,77,ประจวบคีรีขันธ์,PrachuapKhiriKhan,4,1,11,PrachuapKhiriKhan,PKN,ประจวบคีรีขันธ์,ปข,0.010950619985150485,0.003174352665200845,0.00220231925020714,0.004878101270817118,0.002478505866275462,0.00003945523086690316
80,56261,182766,32866,26391,5527,8782,5722,11897,84,2.90986272672143,0,5,15,1412,1378,6538,3134,877,324,305,7966,696,1485,91,34,4928,47,0,754,3422,7204,2692,10633,5267,10158,1604,54,31,9,785,589,321562,906950,155956,122106,181952,12247,22806,8.09820812160641,9896,6496,358435,906827,906827,866998,893215,906849,906845,906845,906680,906840,906840,906837,118966,323811,9627,1089,833658,824294,413681,906660,904721,906733,906854,906843,416093,40741,62120,906740,906737,19,231,272,8488,9268,117787,18261,4517,2491,2584,59163,9742,13010,1107,352,46322,419,19,4529,22255,40644,11698,270199,145972,277831,22230,335,188,61,8359,14507,63,80,นครศรีธรรมราช,NakhonSiThammarat,6,2,14,NakhonSiThammarat,NRT,นครศรีธรรมราช,นศ,0.02909862726721429,0.009683003473179337,0.0063090578311924585,0.013117591928992778,0.006094051491261921,0.00009261811566238492
81,18030,65821,8816,7370,1820,3588,1812,2375,24,2.47405099834839,3,25,5,612,588,2568,824,150,232,845,2996,150,930,18,8,1552,15,0,250,666,1634,298,3045,913,3453,424,14,10,1,356,112,95095,297892,36082,30446,38435,2043,3960,8.06569220253431,4061,2899,147012,297887,297887,277626,295084,297892,297892,297892,297835,297892,297892,297892,51040,132919,2572,283,285740,284045,103715,297892,296350,297882,297882,297882,104208,7856,12356,297879,297871,25,467,44,5202,4840,77395,6303,897,2258,6403,26158,2728,8779,253,120,19466,118,0,1312,5217,10246,1168,101623,30772,98632,6831,55,46,17,6207,2232,64,81,กระบี่,Krabi,6,1,14,Krabi,KBI,กระบี่,กบ,0.024740509983483948,0.01204463362560928,0.0060827413962107075,0.007972688088300458,0.006109596766613403,0.00008056611120808884
82,5521,17685,4113,3426,448,1235,71,2204,8,2.22429979354135,0,3,9,70,198,1003,233,174,1,1,1113,69,184,4,2,15,3,0,51,984,1382,112,1591,494,1412,146,4,4,0,20,34,56479,154026,31933,26246,29927,1835,4908,8.35595531082349,2601,1997,62207,154012,154012,146978,151334,154025,154025,154025,154016,154025,154023,154023,20526,56453,968,318,141604,140331,68182,154026,153847,154005,154004,154004,68545,6253,13130,153998,153993,0,29,38,393,1243,31762,1059,691,1,1,6342,1433,1440,84,19,72,11,0,181,5275,6175,266,52527,14899,40982,1491,14,36,4,462,320,65,82,พังงา,Phang-nga,6,0,13,Phang-nga,PNA,พังงา,พง,0.0222429979354135,0.008018126809759392,0.00046096113643151156,0.014309272460493683,0.002908599846779115,0.00005193928297819848
83,5210,15617,1442,1187,211,166,411,534,7,0.626570384915859,0,0,20,27,84,81,111,17,6,5,151,19,20,7,5,383,0,0,24,181,381,5,192,84,208,23,7,0,0,47,13,92350,189444,18030,14807,26565,405,242,8.33349214943151,803,517,47666,189436,189436,172158,176276,189418,189418,189418,189367,189289,189203,189129,15161,43410,883,62,178078,177148,58854,189444,189197,189365,189362,189362,59021,1290,755,189368,189368,4,4,1717,448,907,3312,1002,153,55,69,2239,376,408,171,54,7447,4,0,289,1922,2999,17,34348,6743,14048,377,70,10,3,1964,843,66,83,ภูเก็ต,Phuket,6,0,14,Phuket,PKT,ภูเก็ต,ภก,0.006265703849158591,0.0008762483900255485,0.002169506556027111,0.002818774941407487,0.0011137856041891008,0.00003695023331433036
84,35306,113524,13669,11648,3586,5154,2692,3201,45,2.08684559886628,2,4,3,1563,1067,3757,1308,396,743,743,4464,367,1452,56,27,2336,39,2,312,935,1937,717,4501,2511,4697,795,32,13,3,533,361,205120,558163,63238,53306,94366,3988,8610,8.11282176287052,8496,6603,224111,558160,558160,524995,552397,558159,558159,558159,558068,558161,558161,558159,74012,199744,5545,537,523504,519798,218458,557946,557128,558095,558091,558083,219380,14397,24238,558085,558082,15,183,65,15555,11575,106003,10797,2224,5930,6422,45379,5683,19078,980,267,29843,306,17,2282,7463,13969,4120,165826,91490,160372,15439,246,91,36,10604,5610,67,84,สุราษฎร์ธานี,SuratThani,6,1,13,SuratThani,SNI,สุราษฎร์ธานี,สฎ,0.02086845598866281,0.00923386179306045,0.004822963901225986,0.0057348838959228755,0.00642464656381738,0.00008062161053312384
85,6286,18759,3212,2832,576,1448,508,838,13,2.43957066312906,1,12,0,70,172,1404,362,34,110,87,1357,36,345,2,1,401,1,0,111,312,554,32,737,487,1244,201,7,7,0,126,17,47213,116086,18525,15825,18776,660,1841,7.9036282379853,1465,1013,42910,116080,116080,106797,113851,116086,116086,116086,116077,116085,116084,116084,14154,38726,1634,72,107831,106684,41658,114433,115959,116071,116077,116077,41717,2285,4703,116074,116076,5,449,2,425,1233,31610,2260,188,838,635,8313,452,3145,66,11,3875,28,0,648,1950,2765,117,25847,16265,34831,2560,56,42,13,2552,283,68,85,ระนอง,Ranong,6,0,12,Ranong,RNG,ระนอง,รน,0.024395706631290596,0.012473511017693778,0.004376066020019641,0.007218786072394604,0.004961838636872664,0.00011198594145719553
86,12453,40200,5602,4440,1562,1462,1141,1157,33,1.58906835499214,0,8,0,908,516,1890,263,262,77,94,1221,230,294,10,8,912,11,0,217,653,615,41,1225,1020,1675,328,27,6,2,76,151,102275,279409,35968,28473,54686,3012,5923,8.18052309948668,3342,2187,104943,279409,279409,269086,277050,279409,279409,279409,279396,279409,279409,279409,33506,93788,2874,220,257593,255129,125225,279317,278982,279409,279409,279409,125890,10193,16264,279394,279398,7,150,4,7527,4277,50387,1798,1760,585,796,11317,3456,3865,249,83,12349,87,4,1250,4472,3441,197,55367,43221,70194,5805,139,16,18,1312,2072,69,86,ชุมพร,Chumphon,6,1,12,Chumphon,CPN,ชุมพร,ชพ,0.01589068354992144,0.005232472826573231,0.004083619353707289,0.004140883078211511,0.0055903711047246155,0.00011810643178995666
90,21888,70543,17943,13641,3703,3416,1554,7644,52,1.80726722541224,8,30,3,752,922,3288,2167,143,56,124,3229,359,1036,35,14,1187,10,4,365,2425,5397,614,3848,2503,4846,511,20,32,3,163,357,274973,754786,173355,132026,134440,6177,7531,8.32121699221378,15129,10370,284924,754775,754775,712382,741080,754783,754783,754783,754686,754779,754779,754779,94833,258784,11220,1619,706173,700197,318290,752773,753329,754730,754730,754726,319827,22326,21958,754710,754705,92,3200,102,5549,4962,108883,10823,480,224,458,19376,6449,9784,602,83,8025,101,61,1738,10786,24395,2165,105402,85126,162033,6951,69,113,21,1874,3836,70,90,สงขลา,Songkhla,6,4,16,Songkhla,SKA,สงขลา,สข,0.01807267225412236,0.0045257861168596135,0.0020588617170959715,0.010127373851661266,0.0049060263438908515,0.00006889369967116507
91,13590,52020,14838,12425,2190,3547,4549,4391,30,5.46641618675126,3,2,4,1120,751,4554,560,1644,279,294,1840,55,370,6,11,4291,18,0,249,1903,2834,26,2471,949,6075,58,11,19,4,115,23,71308,227297,65068,52960,30806,2164,3207,8.21450608627363,3847,2702,115287,227297,227297,211261,225168,227297,227297,227297,227290,227293,227293,227293,41584,105686,4939,177,217945,216588,82441,227135,226716,227273,227273,227273,82949,8148,9897,227261,227244,5,72,58,5083,2501,46960,2372,5580,795,865,7101,216,2185,89,57,22706,116,0,956,5799,10344,118,43636,15040,96628,630,30,62,19,777,215,71,91,สตูล,Satun,6,3,16,Satun,STN,สตูล,สต,0.05466416186751255,0.015605133371755897,0.020013462562198357,0.019318336801629588,0.009634970985098792,0.0001319859039054629
92,19513,68786,14318,11865,2505,4057,3725,3786,22,3.08825940858466,6,2,4,785,1201,620,1024,467,346,297,3720,559,864,256,1,3429,17,2,299,1309,2595,199,5364,2408,4161,493,14,8,0,142,239,134721,384197,83007,68009,68568,4896,8791,8.40782060703231,5986,3936,156324,384197,384197,366082,379502,384197,384197,384197,384156,384197,384194,384191,51398,140796,3230,673,358668,355915,163064,384083,383803,384142,384142,384142,164063,17486,25647,384140,384142,35,82,129,4522,7097,9628,4889,2548,1789,1539,21721,5143,7863,2132,22,24080,93,18,1324,6029,12655,817,120854,65389,105234,6944,64,37,2,1984,2432,72,92,ตรัง,Trang,6,2,15,Trang,TRG,ตรัง,ตง,0.030882594085846583,0.01055968682733077,0.009695546815826257,0.009854319528783411,0.0065200925566831595,0.00005726228991897386
93,15192,54601,12933,10241,1348,2483,4295,3576,24,2.76648450352665,1,11,1,158,613,1393,648,134,269,311,2145,159,552,43,4,3897,30,0,387,1463,2425,20,2246,2675,4254,545,12,13,4,159,241,132844,370181,94630,74222,75913,4444,7588,8.10153262473277,5166,3789,144196,370177,370177,352801,367002,370181,370181,370181,370162,370181,370181,370177,48552,128603,4449,203,336951,333796,162819,370181,369604,370146,370146,370146,163636,14484,20427,370152,370148,4,205,29,872,2908,25418,2939,477,1159,1359,10971,1980,7323,618,33,25555,181,0,1481,6434,10411,82,53963,74641,108923,6676,48,65,31,1927,3745,73,93,พัทลุง,Phatthalung,6,3,15,Phatthalung,PLG,พัทลุง,พท,0.027664845035266533,0.006707529559863958,0.01160243232364708,0.009660139229187884,0.0036414618794589674,0.00006483314918918043
94,21823,99276,20232,17407,2692,3098,8961,6690,24,3.8575154737185,9,27,101,422,1274,2546,1253,403,62,79,2950,230,1264,48,36,6401,37,0,2771,2455,2975,2163,5769,251,8776,172,16,8,4,302,503,127347,451249,97792,81906,59955,4789,4907,8.27531861763528,14924,10708,253477,451246,451246,423726,442633,451249,451249,451249,451144,451241,451245,451245,102803,235463,11610,690,434474,430761,186807,451249,450066,451238,451237,451229,187743,21317,18049,451216,451213,102,513,1993,2385,6264,36148,6993,1754,325,397,14356,2111,7613,379,247,42612,301,37,14287,12431,16024,9862,106790,7902,185888,1855,77,59,12,2205,3824,74,94,ปัตตานี,Pattani,6,5,16,Pattani,PTN,ปัตตานี,ปน,0.038575154737185015,0.006865389175377674,0.019858215752278675,0.01482551761887561,0.00596566418983754,0.00005318571343094389
95,21693,78945,19620,15579,3983,6456,4287,5657,36,4.93726607487506,6,11,51,1331,1822,2458,1137,282,179,225,6251,385,2147,40,102,1014,43,13,3176,2515,3206,567,5479,570,7644,1043,14,22,1,682,298,99736,315539,76859,61586,40019,3204,4545,8.20115103874228,7547,5331,164176,315537,315537,290066,309596,315539,315539,315539,315485,315536,315536,315534,64984,153560,7481,593,302804,300119,112193,315529,314703,315524,315515,315515,112864,13116,13805,315517,315513,55,70,886,6165,7409,23288,5613,1122,803,1041,34039,3178,11614,293,672,6823,233,83,13248,11071,16842,2178,80781,13481,119390,7707,67,63,4,5078,1779,75,95,ยะลา,Yala,6,5,17,Yala,YLA,ยะลา,ยล,0.04937266074875055,0.020460228371136372,0.013586276181391207,0.017928053267583406,0.012622845353506223,0.00011409049277585338
96,18471,73801,21405,17975,2981,6850,7437,4185,37,3.60702582409754,11,31,93,247,1201,1752,1647,351,14,25,6588,35,906,25,89,3135,53,0,4331,2015,1925,498,4380,382,9215,70,8,29,0,120,296,144223,498333,143842,120955,61944,4908,5715,8.1319207061287,10902,7558,266737,498333,498333,465240,493082,498327,498327,498327,498307,498326,498326,498327,101808,251680,9430,1046,482105,479092,187849,498000,494875,498277,498285,498277,188749,21032,17493,498267,498263,72,760,1437,1288,4394,21288,5278,1681,48,71,26862,201,3971,209,429,15178,291,0,16626,7513,8171,2131,76030,13412,193523,589,57,101,4,1531,2137,76,96,นราธิวาส,Narathiwat,6,6,17,Narathiwat,NWT,นราธิวาส,นธ,0.036070258240975414,0.013745828592527487,0.014923755801843346,0.008397998928427377,0.005981943800631305,0.00007424754130270322
